,FILE_ID,PDB_FILE_NAME,RESNAME,RES_NUM,CHAIN,RESNAME_im1,RESNAME_ip1,PHI_COS_i-1,PHI_SIN_i-1,PSI_COS_i-1,PSI_SIN_i-1,PHI_COS_i,PHI_SIN_i,PSI_COS_i,PSI_SIN_i,PHI_COS_i+1,PHI_SIN_i+1,PSI_COS_i+1,PSI_SIN_i+1,CHI1_COS_i-1,CHI1_SIN_i-1,CHI1_EXISTS_i-1,CHI2_COS_i-1,CHI2_SIN_i-1,CHI2_EXISTS_i-1,CHI1_COS_i,CHI1_SIN_i,CHI1_EXISTS_i,CHI2_COS_i,CHI2_SIN_i,CHI2_EXISTS_i,CHI1_COS_i+1,CHI1_SIN_i+1,CHI1_EXISTS_i+1,CHI2_COS_i+1,CHI2_SIN_i+1,CHI2_EXISTS_i+1,O_d_HA_i-1,O__COS_H_i-1,O__COS_A_i-1,O__EXISTS_i-1,O__ENERGY_i-1,Ha_d_HA_i,Ha__COS_H_i,Ha__COS_A_i,Ha__EXISTS_i,Ha__ENERGY_i,HN_d_HA_i,HN__COS_H_i,HN__COS_A_i,HN__EXISTS_i,HN__ENERGY_i,O_d_HA_i,O__COS_H_i,O__COS_A_i,O__EXISTS_i,O__ENERGY_i,HN_d_HA_i+1,HN__COS_H_i+1,HN__COS_A_i+1,HN__EXISTS_i+1,HN__ENERGY_i+1,S2_i-1,S2_i,S2_i+1,BLOSUM62_NUM_ALA_i-1,BLOSUM62_NUM_ARG_i-1,BLOSUM62_NUM_ASN_i-1,BLOSUM62_NUM_ASP_i-1,BLOSUM62_NUM_CYS_i-1,BLOSUM62_NUM_GLN_i-1,BLOSUM62_NUM_GLU_i-1,BLOSUM62_NUM_GLY_i-1,BLOSUM62_NUM_HIS_i-1,BLOSUM62_NUM_ILE_i-1,BLOSUM62_NUM_LEU_i-1,BLOSUM62_NUM_LYS_i-1,BLOSUM62_NUM_MET_i-1,BLOSUM62_NUM_PHE_i-1,BLOSUM62_NUM_PRO_i-1,BLOSUM62_NUM_SER_i-1,BLOSUM62_NUM_THR_i-1,BLOSUM62_NUM_TRP_i-1,BLOSUM62_NUM_TYR_i-1,BLOSUM62_NUM_VAL_i-1,BLOSUM62_NUM_ALA_i,BLOSUM62_NUM_ARG_i,BLOSUM62_NUM_ASN_i,BLOSUM62_NUM_ASP_i,BLOSUM62_NUM_CYS_i,BLOSUM62_NUM_GLN_i,BLOSUM62_NUM_GLU_i,BLOSUM62_NUM_GLY_i,BLOSUM62_NUM_HIS_i,BLOSUM62_NUM_ILE_i,BLOSUM62_NUM_LEU_i,BLOSUM62_NUM_LYS_i,BLOSUM62_NUM_MET_i,BLOSUM62_NUM_PHE_i,BLOSUM62_NUM_PRO_i,BLOSUM62_NUM_SER_i,BLOSUM62_NUM_THR_i,BLOSUM62_NUM_TRP_i,BLOSUM62_NUM_TYR_i,BLOSUM62_NUM_VAL_i,BLOSUM62_NUM_ALA_i+1,BLOSUM62_NUM_ARG_i+1,BLOSUM62_NUM_ASN_i+1,BLOSUM62_NUM_ASP_i+1,BLOSUM62_NUM_CYS_i+1,BLOSUM62_NUM_GLN_i+1,BLOSUM62_NUM_GLU_i+1,BLOSUM62_NUM_GLY_i+1,BLOSUM62_NUM_HIS_i+1,BLOSUM62_NUM_ILE_i+1,BLOSUM62_NUM_LEU_i+1,BLOSUM62_NUM_LYS_i+1,BLOSUM62_NUM_MET_i+1,BLOSUM62_NUM_PHE_i+1,BLOSUM62_NUM_PRO_i+1,BLOSUM62_NUM_SER_i+1,BLOSUM62_NUM_THR_i+1,BLOSUM62_NUM_TRP_i+1,BLOSUM62_NUM_TYR_i+1,BLOSUM62_NUM_VAL_i+1,RC_HA,RC_H,RC_CA,RC_CB,RC_C,RC_N,HSE_CA_U_i-1,HSE_CA_D_i-1,HSE_CA_Angle_i-1,HSE_CB_U_i-1,HSE_CB_D_i-1,HSE_CA_U_i,HSE_CA_D_i,HSE_CA_Angle_i,HSE_CB_U_i,HSE_CB_D_i,HSE_CA_U_i+1,HSE_CA_D_i+1,HSE_CA_Angle_i+1,HSE_CB_U_i+1,HSE_CB_D_i+1,REL_ASA_i-1,ABS_ASA_i-1,A_HELIX_SS_i-1,B_BRIDGE_SS_i-1,STRAND_SS_i-1,3_10_HELIX_SS_i-1,PI_HELIX_SS_i-1,TURN_SS_i-1,BEND_SS_i-1,NONE_SS_i-1,NH-O1_ENERGY_i-1,NH-O2_ENERGY_i-1,O-NH1_ENERGY_i-1,O-NH2_ENERGY_i-1,DSSP_PHI_i-1,DSSP_PSI_i-1,REL_ASA_i,ABS_ASA_i,A_HELIX_SS_i,B_BRIDGE_SS_i,STRAND_SS_i,3_10_HELIX_SS_i,PI_HELIX_SS_i,TURN_SS_i,BEND_SS_i,NONE_SS_i,NH-O1_ENERGY_i,NH-O2_ENERGY_i,O-NH1_ENERGY_i,O-NH2_ENERGY_i,DSSP_PHI_i,DSSP_PSI_i,REL_ASA_i+1,ABS_ASA_i+1,A_HELIX_SS_i+1,B_BRIDGE_SS_i+1,STRAND_SS_i+1,3_10_HELIX_SS_i+1,PI_HELIX_SS_i+1,TURN_SS_i+1,BEND_SS_i+1,NONE_SS_i+1,NH-O1_ENERGY_i+1,NH-O2_ENERGY_i+1,O-NH1_ENERGY_i+1,O-NH2_ENERGY_i+1,DSSP_PHI_i+1,DSSP_PSI_i+1,C_RING,CA_RING,CB_RING,N_RING,H_RING,HA_RING,HA2_RING,HA3_RING,AVG_B_i-1,AVG_B_i,AVG_B_i+1,RESNAME_i-20,RESNAME_i-19,RESNAME_i-18,RESNAME_i-17,RESNAME_i-16,RESNAME_i-15,RESNAME_i-14,RESNAME_i-13,RESNAME_i-12,RESNAME_i-11,RESNAME_i-10,RESNAME_i-9,RESNAME_i-8,RESNAME_i-7,RESNAME_i-6,RESNAME_i-5,RESNAME_i-4,RESNAME_i-3,RESNAME_i-2,RESNAME_i-1,RESNAME_i+1,RESNAME_i+2,RESNAME_i+3,RESNAME_i+4,RESNAME_i+5,RESNAME_i+6,RESNAME_i+7,RESNAME_i+8,RESNAME_i+9,RESNAME_i+10,RESNAME_i+11,RESNAME_i+12,RESNAME_i+13,RESNAME_i+14,RESNAME_i+15,RESNAME_i+16,RESNAME_i+17,RESNAME_i+18,RESNAME_i+19,RESNAME_i+20,HA,H,CA,CB,C,N,MATCHED_BMRB,BMRB_RES_NUM,RCI_S2,CG,pH
0,2og0,2og0_B.pdb,MET,1,B,,TYR,0,0,0,0,0.0,0.0,-0.971139749222473,0.2385111894232895,0.5650195744410764,-0.8250774996922561,-0.7748554830672825,0.6321384186715503,0,0,0,0,0,0,0.591369833523543,-0.80640047122899,1,0.2095716027090796,-0.9777933029725391,1,0.18601105228472253,-0.9825476519884062,1,0.46308789763670416,-0.8863123597594798,1,0,0,0,0,0,0.0,0.0,0.0,0,0.0,0.0,0.0,0.0,0,0.0,2.535156011581421,-0.874532333025239,-0.7589437875749322,1,-1.1987236300796487,0.0,0.0,0.0,0,0.0,0,-0.1,0.6577079910855517,0,0,0,0,0,0,0,0,0,0,0,0,0,0,0,0,0,0,0,0,-1,-1,-2,-3,-1,0,-2,-3,-2,1,2,-1,5,0,-2,-1,-1,-1,-1,1,-2,-2,-2,-3,-2,-1,-2,-3,2,-1,-1,-2,-1,3,-3,-2,-2,2,7,-1,4.34,8.28,55.4,32.9,176.3,119.6,0,0,0,0,0,0,0,0.0,0,0,11,9,0.6686692750049774,10,10,0,0,0,0,0,0,0,0,0,0,0,0,0,0,0,0,1.0,203.0,0.0,0.0,0.0,0.0,0.0,0.0,0.0,1.0,0.0,-0.2,0.0,-0.0,360.0,166.2,0.4954954954954955,126.35135135135135,0.0,0.0,0.0,0.0,0.0,0.0,0.0,1.0,-0.1,-0.3,-0.1,-0.2,-55.6,140.8,0.0013118148645394063,0.00642580810886402,-0.0046626874679153935,0.002021095296751183,,0.06519180391945946,,,0,35.81947368421052,31.343809523809526,NONE,NONE,NONE,NONE,NONE,NONE,NONE,NONE,NONE,NONE,NONE,NONE,NONE,NONE,NONE,NONE,NONE,NONE,NONE,NONE,TYR,LEU,THR,LEU,GLN,GLU,TRP,ASN,ALA,ARG,GLN,ARG,ARG,PRO,ARG,SER,LEU,GLU,THR,VAL,4.37,,55.89,33.57,174.6,,1,1.0,0.774600570364,31.7,6.5
1,2og0,2og0_B.pdb,TYR,2,B,MET,LEU,0.0,0.0,-0.971139749222473,0.2385111894232895,0.5650195744410764,-0.8250774996922561,-0.7748554830672825,0.6321384186715503,-0.24193292764761432,-0.9702929756108998,-0.8943917732744641,0.4472844239395775,0.591369833523543,-0.80640047122899,1,0.2095716027090796,-0.9777933029725391,1,0.18601105228472253,-0.9825476519884062,1,0.46308789763670416,-0.8863123597594798,1,0.6669937223554558,-0.7450633357899268,1,-0.9999749352839613,-0.007080169760492492,1,2.535156011581421,-0.874532333025239,-0.7589437875749322,1,-1.1987236300796487,2.6021838188171387,-0.7350323821197773,-0.7010067594980963,1,-1.0143630512319612,0.0,0.0,0.0,0,0.0,3.4588634967803955,-0.3768958157138483,-0.4484081487314081,1,-0.472303597819498,1.9128278493881226,-0.9139916210483267,-0.9730275604459357,1,-2.5526902598170294,-0.1,0.6577079910855517,0.8643823004524883,-1,-1,-2,-3,-1,0,-2,-3,-2,1,2,-1,5,0,-2,-1,-1,-1,-1,1,-2,-2,-2,-3,-2,-1,-2,-3,2,-1,-1,-2,-1,3,-3,-2,-2,2,7,-1,-1,-2,-3,-4,-1,-2,-3,-4,-3,2,4,-2,2,0,-3,-2,-1,-2,-1,1,4.66,8.12,57.9,38.8,175.9,120.3,0,0,0.0,0,0,11,9,0.6686692750049774,10,10,10,12,0.5501235603583744,12,10,1.0,203.0,0.0,0.0,0.0,0.0,0.0,0.0,0.0,1.0,0.0,-0.2,0.0,-0.0,360.0,166.2,0.4954954954954955,126.35135135135135,0.0,0.0,0.0,0.0,0.0,0.0,0.0,1.0,-0.1,-0.3,-0.1,-0.2,-55.6,140.8,0.03048780487804878,5.823170731707317,0.0,0.0,1.0,0.0,0.0,0.0,0.0,0.0,-3.1,-3.2,-0.0,-0.1,-104.0,153.4,-0.047586428347737436,-0.1020109205568346,-0.3356698604013306,-0.0033272096876674363,0.04082638998701091,-0.20391612578148724,,,35.81947368421052,31.343809523809526,24.281578947368423,NONE,NONE,NONE,NONE,NONE,NONE,NONE,NONE,NONE,NONE,NONE,NONE,NONE,NONE,NONE,NONE,NONE,NONE,NONE,MET,LEU,THR,LEU,GLN,GLU,TRP,ASN,ALA,ARG,GLN,ARG,ARG,PRO,ARG,SER,LEU,GLU,THR,VAL,ARG,4.99,8.17,57.05,41.31,175.3,119.1,1,2.0,0.79088434652,,6.5
2,2og0,2og0_B.pdb,LEU,3,B,TYR,THR,0.5650195744410764,-0.8250774996922561,-0.7748554830672825,0.6321384186715503,-0.24193292764761432,-0.9702929756108998,-0.8943917732744641,0.4472844239395775,0.2642595576149167,-0.9644515986866156,-0.9573077677709094,0.28907064493905044,0.18601105228472253,-0.9825476519884062,1,0.46308789763670416,-0.8863123597594798,1,0.6669937223554558,-0.7450633357899268,1,-0.9999749352839613,-0.007080169760492492,1,0.425646071542246,0.9048897290723623,1,0.0,0.0,0,3.4588634967803955,-0.3768958157138483,-0.4484081487314081,1,-0.472303597819498,0.0,0.0,0.0,0,0.0,1.9128278493881226,-0.9139916210483267,-0.9730275604459357,1,-2.5526902598170294,1.9058606624603271,-0.9423782341253613,-0.9266489228470443,1,-2.518738378483112,2.373897075653076,-0.6697553496787365,-0.961032041665347,1,-1.4995089911687998,0.6577079910855517,0.8643823004524883,0.8852892431119913,-2,-2,-2,-3,-2,-1,-2,-3,2,-1,-1,-2,-1,3,-3,-2,-2,2,7,-1,-1,-2,-3,-4,-1,-2,-3,-4,-3,2,4,-2,2,0,-3,-2,-1,-2,-1,1,0,-1,0,-1,-1,-1,-1,-2,-2,-1,-1,-1,-1,-2,-1,1,5,-2,-2,0,4.32,8.16,55.1,42.4,177.6,121.8,11,9,0.6686692750049774,10,10,10,12,0.5501235603583744,12,10,4,21,0.7017090338736403,6,19,0.4954954954954955,126.35135135135135,0.0,0.0,0.0,0.0,0.0,0.0,0.0,1.0,-0.1,-0.3,-0.1,-0.2,-55.6,140.8,0.03048780487804878,5.823170731707317,0.0,0.0,1.0,0.0,0.0,0.0,0.0,0.0,-3.1,-3.2,-0.0,-0.1,-104.0,153.4,0.23943661971830985,39.028169014084504,0.0,0.0,1.0,0.0,0.0,0.0,0.0,0.0,-0.3,-2.7,-0.2,-0.3,-74.7,163.2,-0.03522991315844991,-0.05306880773670273,-0.036645668254477334,-0.047464962370964855,-0.385179531329357,-0.14175675321763503,,,31.343809523809526,24.281578947368423,24.959999999999997,NONE,NONE,NONE,NONE,NONE,NONE,NONE,NONE,NONE,NONE,NONE,NONE,NONE,NONE,NONE,NONE,NONE,NONE,MET,TYR,THR,LEU,GLN,GLU,TRP,ASN,ALA,ARG,GLN,ARG,ARG,PRO,ARG,SER,LEU,GLU,THR,VAL,ARG,ARG,4.97,9.66,53.22,46.26,177.4,122.3,1,3.0,0.838610872289,26.9,6.5
3,2og0,2og0_B.pdb,THR,4,B,LEU,LEU,-0.24193292764761432,-0.9702929756108998,-0.8943917732744641,0.4472844239395775,0.2642595576149167,-0.9644515986866156,-0.9573077677709094,0.28907064493905044,0.5188299702932844,-0.8548774543321807,0.6802421494530705,-0.732987461084749,0.6669937223554558,-0.7450633357899268,1,-0.9999749352839613,-0.007080169760492492,1,0.425646071542246,0.9048897290723623,1,0.0,0.0,0,-0.9992835667744527,0.03784644203261181,1,-0.8135642968986024,0.581474964905526,1,1.9058606624603271,-0.9423782341253613,-0.9266489228470443,1,-2.518738378483112,3.0789690017700195,-0.8678086284619381,-0.8800248772014779,1,-0.8861137516566429,2.373897075653076,-0.6697553496787365,-0.961032041665347,1,-1.4995089911687998,2.084862470626831,-0.9971074811456192,-0.9623795325324891,1,-2.1596781633795907,3.3517630100250244,-0.7312700498426118,-0.5395455858509607,1,-0.5147012938847292,0.8643823004524883,0.8852892431119913,0.887959568909502,-1,-2,-3,-4,-1,-2,-3,-4,-3,2,4,-2,2,0,-3,-2,-1,-2,-1,1,0,-1,0,-1,-1,-1,-1,-2,-2,-1,-1,-1,-1,-2,-1,1,5,-2,-2,0,-1,-2,-3,-4,-1,-2,-3,-4,-3,2,4,-2,2,0,-3,-2,-1,-2,-1,1,4.47,8.15,61.8,69.8,174.7,113.6,10,12,0.5501235603583744,12,10,4,21,0.7017090338736403,6,19,23,12,0.9287573039394088,19,16,0.03048780487804878,5.823170731707317,0.0,0.0,1.0,0.0,0.0,0.0,0.0,0.0,-3.1,-3.2,-0.0,-0.1,-104.0,153.4,0.23943661971830985,39.028169014084504,0.0,0.0,1.0,0.0,0.0,0.0,0.0,0.0,-0.3,-2.7,-0.2,-0.3,-74.7,163.2,0.06097560975609756,11.646341463414634,1.0,0.0,0.0,0.0,0.0,0.0,0.0,0.0,-0.6,-2.7,-0.2,-0.1,-58.7,-47.1,-0.008420983165980347,-0.029103471842991134,-0.011575565393218105,-0.022664190208794396,-0.13042804806131436,-0.12149578973300527,,,24.281578947368423,24.959999999999997,25.75473684210527,NONE,NONE,NONE,NONE,NONE,NONE,NONE,NONE,NONE,NONE,NONE,NONE,NONE,NONE,NONE,NONE,NONE,MET,TYR,LEU,LEU,GLN,GLU,TRP,ASN,ALA,ARG,GLN,ARG,ARG,PRO,ARG,SER,LEU,GLU,THR,VAL,ARG,ARG,TRP,4.82,8.85,61.83,71.31,174.9,111.7,1,4.0,0.864073103273,,6.5
4,2og0,2og0_B.pdb,LEU,5,B,THR,GLN,0.2642595576149167,-0.9644515986866156,-0.9573077677709094,0.28907064493905044,0.5188299702932844,-0.8548774543321807,0.6802421494530705,-0.732987461084749,0.434874397935517,-0.9004911204560663,0.7886150256624282,-0.6148872590153804,0.425646071542246,0.9048897290723623,1,0.0,0.0,0,-0.9992835667744527,0.03784644203261181,1,-0.8135642968986024,0.581474964905526,1,0.4932208597888971,0.8699041231475461,1,0.009392130315072739,-0.9999558929713573,1,2.084862470626831,-0.9971074811456192,-0.9623795325324891,1,-2.1596781633795907,4.842432975769043,-0.10202168142677162,-0.17584485347190293,1,-0.14899299463938173,3.3517630100250244,-0.7312700498426118,-0.5395455858509607,1,-0.5147012938847292,2.077749729156494,-0.9956944732854586,-0.9116261008627493,1,-2.1324823836980844,3.2878968715667725,-0.03439134141704418,-0.30881139706869276,1,0.12179564648597581,0.8852892431119913,0.887959568909502,0.876353239563454,0,-1,0,-1,-1,-1,-1,-2,-2,-1,-1,-1,-1,-2,-1,1,5,-2,-2,0,-1,-2,-3,-4,-1,-2,-3,-4,-3,2,4,-2,2,0,-3,-2,-1,-2,-1,1,-1,1,0,0,-3,5,2,-2,0,-3,-2,1,0,-3,-1,0,-1,-2,-1,-2,4.32,8.16,55.1,42.4,177.6,121.8,4,21,0.7017090338736403,6,19,23,12,0.9287573039394088,19,16,8,14,0.8190714856563238,2,20,0.23943661971830985,39.028169014084504,0.0,0.0,1.0,0.0,0.0,0.0,0.0,0.0,-0.3,-2.7,-0.2,-0.3,-74.7,163.2,0.06097560975609756,11.646341463414634,1.0,0.0,0.0,0.0,0.0,0.0,0.0,0.0,-0.6,-2.7,-0.2,-0.1,-58.7,-47.1,0.5404040404040404,115.64646464646465,1.0,0.0,0.0,0.0,0.0,0.0,0.0,0.0,-0.2,-2.5,-0.2,-0.2,-64.2,-37.9,0.016813799898929886,0.03511782985463136,-0.02059506313596493,-0.009374827576063772,-0.1604746412058897,0.5280365480637271,,,24.959999999999997,25.75473684210527,28.195294117647062,NONE,NONE,NONE,NONE,NONE,NONE,NONE,NONE,NONE,NONE,NONE,NONE,NONE,NONE,NONE,NONE,MET,TYR,LEU,THR,GLN,GLU,TRP,ASN,ALA,ARG,GLN,ARG,ARG,PRO,ARG,SER,LEU,GLU,THR,VAL,ARG,ARG,TRP,VAL,3.54,8.67,60.32,43.46,179.0,122.5,1,5.0,0.893570150984,27.3,6.5
5,2og0,2og0_B.pdb,GLN,6,B,LEU,GLU,0.5188299702932844,-0.8548774543321807,0.6802421494530705,-0.732987461084749,0.434874397935517,-0.9004911204560663,0.7886150256624282,-0.6148872590153804,0.38605967846608863,-0.9224738070333814,0.6954976653989948,-0.7185283553378724,-0.9992835667744527,0.03784644203261181,1,-0.8135642968986024,0.581474964905526,1,0.4932208597888971,0.8699041231475461,1,0.009392130315072739,-0.9999558929713573,1,-0.9895146374828843,0.14443262168608637,1,-0.9984237925435339,0.056124241491413075,1,2.077749729156494,-0.9956944732854586,-0.9116261008627493,1,-2.1324823836980844,0.0,0.0,0.0,0,0.0,3.2878968715667725,-0.03439134141704418,-0.30881139706869276,1,0.12179564648597581,2.119311571121216,-0.8824806869128229,-0.8682234456893084,1,-1.839338559816445,2.219306468963623,-0.7116321573166239,-0.9209965346238806,1,-1.7102659666542024,0.887959568909502,0.876353239563454,0.8908336147692509,-1,-2,-3,-4,-1,-2,-3,-4,-3,2,4,-2,2,0,-3,-2,-1,-2,-1,1,-1,1,0,0,-3,5,2,-2,0,-3,-2,1,0,-3,-1,0,-1,-2,-1,-2,-1,0,0,2,-4,2,5,-2,0,-3,-3,1,-2,-3,-1,0,-1,-3,-2,-2,4.42,8.32,55.7,29.4,176.0,119.8,23,12,0.9287573039394088,19,16,8,14,0.8190714856563238,2,20,3,18,0.8595319663311315,9,12,0.06097560975609756,11.646341463414634,1.0,0.0,0.0,0.0,0.0,0.0,0.0,0.0,-0.6,-2.7,-0.2,-0.1,-58.7,-47.1,0.5404040404040404,115.64646464646465,1.0,0.0,0.0,0.0,0.0,0.0,0.0,0.0,-0.2,-2.5,-0.2,-0.2,-64.2,-37.9,0.41237113402061853,88.24742268041237,1.0,0.0,0.0,0.0,0.0,0.0,0.0,0.0,-0.2,-0.9,-0.2,-0.2,-67.3,-45.9,0.0012324269111585477,0.0021980165774263052,-6.628531898059798e-05,0.0019395189459160474,-0.01564466251876013,0.0049591206012265495,,,25.75473684210527,28.195294117647062,27.334666666666667,NONE,NONE,NONE,NONE,NONE,NONE,NONE,NONE,NONE,NONE,NONE,NONE,NONE,NONE,NONE,MET,TYR,LEU,THR,LEU,GLU,TRP,ASN,ALA,ARG,GLN,ARG,ARG,PRO,ARG,SER,LEU,GLU,THR,VAL,ARG,ARG,TRP,VAL,ARG,3.99,9.02,59.99,28.57,179.2,117.0,1,6.0,0.908383602786,34.4,6.5
6,2og0,2og0_B.pdb,GLU,7,B,GLN,TRP,0.434874397935517,-0.9004911204560663,0.7886150256624282,-0.6148872590153804,0.38605967846608863,-0.9224738070333814,0.6954976653989948,-0.7185283553378724,0.5181862695833843,-0.8552677884822134,0.653575460224017,-0.7568613596907722,0.4932208597888971,0.8699041231475461,1,0.009392130315072739,-0.9999558929713573,1,-0.9895146374828843,0.14443262168608637,1,-0.9984237925435339,0.056124241491413075,1,-0.9999188790346059,-0.012737164134031753,1,0.03981282139501722,0.9992071553249449,1,2.119311571121216,-0.8824806869128229,-0.8682234456893084,1,-1.839338559816445,0.0,0.0,0.0,0,0.0,2.219306468963623,-0.7116321573166239,-0.9209965346238806,1,-1.7102659666542024,2.6715192794799805,-0.8550042797790054,-0.8587560128659687,1,-1.2663410208347807,2.084862470626831,-0.9623795325324891,-0.9971074811456192,1,-2.1596781633795907,0.876353239563454,0.8908336147692509,0.8944788982399993,-1,1,0,0,-3,5,2,-2,0,-3,-2,1,0,-3,-1,0,-1,-2,-1,-2,-1,0,0,2,-4,2,5,-2,0,-3,-3,1,-2,-3,-1,0,-1,-3,-2,-2,-3,-3,-4,-4,-2,-2,-3,-2,-2,-3,-2,-3,-1,1,-4,-3,-2,11,2,-3,4.64,8.42,56.6,29.9,176.6,120.2,8,14,0.8190714856563238,2,20,3,18,0.8595319663311315,9,12,14,15,0.9148112970689972,19,10,0.5404040404040404,115.64646464646465,1.0,0.0,0.0,0.0,0.0,0.0,0.0,0.0,-0.2,-2.5,-0.2,-0.2,-64.2,-37.9,0.41237113402061853,88.24742268041237,1.0,0.0,0.0,0.0,0.0,0.0,0.0,0.0,-0.2,-0.9,-0.2,-0.2,-67.3,-45.9,0.00881057268722467,2.325991189427313,1.0,0.0,0.0,0.0,0.0,0.0,0.0,0.0,-2.7,-1.1,-0.2,-0.4,-58.8,-49.2,-0.002119255600002673,-0.0038011095619558282,-0.006778669423613948,-0.0012557755028477023,-0.018581227543998387,-0.0005677928099646143,,,28.195294117647062,27.334666666666667,26.07791666666667,NONE,NONE,NONE,NONE,NONE,NONE,NONE,NONE,NONE,NONE,NONE,NONE,NONE,NONE,MET,TYR,LEU,THR,LEU,GLN,TRP,ASN,ALA,ARG,GLN,ARG,ARG,PRO,ARG,SER,LEU,GLU,THR,VAL,ARG,ARG,TRP,VAL,ARG,GLU,4.03,7.86,58.89,31.37,178.9,121.4,1,7.0,0.918216193603,37.2,6.5
7,2og0,2og0_B.pdb,TRP,8,B,GLU,ASN,0.38605967846608863,-0.9224738070333814,0.6954976653989948,-0.7185283553378724,0.5181862695833843,-0.8552677884822134,0.653575460224017,-0.7568613596907722,0.6227291043586112,-0.7824375135336508,0.7076792840072017,-0.7065338144682491,-0.9895146374828843,0.14443262168608637,1,-0.9984237925435339,0.056124241491413075,1,-0.9999188790346059,-0.012737164134031753,1,0.03981282139501722,0.9992071553249449,1,-0.9928073756898893,-0.11972265773760182,1,0.5947447568211129,0.8039145938679029,1,2.6715192794799805,-0.8550042797790054,-0.8587560128659687,1,-1.2663410208347807,0.0,0.0,0.0,0,0.0,2.084862470626831,-0.9623795325324891,-0.9971074811456192,1,-2.1596781633795907,2.0138356685638428,-0.9668654144429039,-0.6905738300410218,1,-2.0901637013838608,2.077749729156494,-0.9116261008627493,-0.9956944732854586,1,-2.1324823836980844,0.8908336147692509,0.8944788982399993,0.8952556562195476,-1,0,0,2,-4,2,5,-2,0,-3,-3,1,-2,-3,-1,0,-1,-3,-2,-2,-3,-3,-4,-4,-2,-2,-3,-2,-2,-3,-2,-3,-1,1,-4,-3,-2,11,2,-3,-2,0,6,1,-3,0,0,0,1,-3,-3,0,-2,-3,-2,1,0,-4,-2,-3,4.12,8.25,57.5,29.6,176.1,121.3,3,18,0.8595319663311315,9,12,14,15,0.9148112970689972,19,10,15,15,0.9255182000805675,15,15,0.41237113402061853,88.24742268041237,1.0,0.0,0.0,0.0,0.0,0.0,0.0,0.0,-0.2,-0.9,-0.2,-0.2,-67.3,-45.9,0.00881057268722467,2.325991189427313,1.0,0.0,0.0,0.0,0.0,0.0,0.0,0.0,-2.7,-1.1,-0.2,-0.4,-58.8,-49.2,0.08280254777070063,15.484076433121018,1.0,0.0,0.0,0.0,0.0,0.0,0.0,0.0,-2.7,-1.7,-0.3,-0.2,-51.5,-45.0,0.04297517390049014,-0.06442999276867165,-0.3180414874422467,-0.015024859022455714,-0.09422552649347089,-0.06427972572210984,,,27.334666666666667,26.07791666666667,25.58285714285714,NONE,NONE,NONE,NONE,NONE,NONE,NONE,NONE,NONE,NONE,NONE,NONE,NONE,MET,TYR,LEU,THR,LEU,GLN,GLU,ASN,ALA,ARG,GLN,ARG,ARG,PRO,ARG,SER,LEU,GLU,THR,VAL,ARG,ARG,TRP,VAL,ARG,GLU,SER,3.76,9.05,62.85,28.11,179.4,120.4,1,8.0,0.916185604295,,6.5
8,2og0,2og0_B.pdb,ASN,9,B,TRP,ALA,0.5181862695833843,-0.8552677884822134,0.653575460224017,-0.7568613596907722,0.6227291043586112,-0.7824375135336508,0.7076792840072017,-0.7065338144682491,0.39644728607476304,-0.9180574869603509,0.9541471925532091,-0.2993378274505734,-0.9999188790346059,-0.012737164134031753,1,0.03981282139501722,0.9992071553249449,1,-0.9928073756898893,-0.11972265773760182,1,0.5947447568211129,0.8039145938679029,1,0.0,0.0,0,0.0,0.0,0,2.0138356685638428,-0.9668654144429039,-0.6905738300410218,1,-2.0901637013838608,0.0,0.0,0.0,0,0.0,2.077749729156494,-0.9116261008627493,-0.9956944732854586,1,-2.1324823836980844,2.272977113723755,-0.9870068120044918,-0.4799900334263018,1,-1.3914712875703124,2.119311571121216,-0.8682234456893084,-0.8824806869128229,1,-1.839338559816445,0.8944788982399993,0.8952556562195476,0.8952274962371533,-3,-3,-4,-4,-2,-2,-3,-2,-2,-3,-2,-3,-1,1,-4,-3,-2,11,2,-3,-2,0,6,1,-3,0,0,0,1,-3,-3,0,-2,-3,-2,1,0,-4,-2,-3,4,-1,-2,-2,0,-1,-1,0,-2,-1,-1,-1,-1,-2,-1,1,0,-3,-2,0,4.48,8.4,53.1,38.9,175.2,118.7,14,15,0.9148112970689972,19,10,15,15,0.9255182000805675,15,15,1,16,0.7547751979838114,5,12,0.00881057268722467,2.325991189427313,1.0,0.0,0.0,0.0,0.0,0.0,0.0,0.0,-2.7,-1.1,-0.2,-0.4,-58.8,-49.2,0.08280254777070063,15.484076433121018,1.0,0.0,0.0,0.0,0.0,0.0,0.0,0.0,-2.7,-1.7,-0.3,-0.2,-51.5,-45.0,0.7075471698113207,85.61320754716981,1.0,0.0,0.0,0.0,0.0,0.0,0.0,0.0,-2.5,-0.2,-0.3,-0.2,-66.6,-17.4,0.029097245466895724,0.02420597973808863,-0.004061583248816386,-0.000618520820344469,-0.13077211292510582,0.1749994327146003,,,26.07791666666667,25.58285714285714,24.967999999999996,NONE,NONE,NONE,NONE,NONE,NONE,NONE,NONE,NONE,NONE,NONE,NONE,MET,TYR,LEU,THR,LEU,GLN,GLU,TRP,ALA,ARG,GLN,ARG,ARG,PRO,ARG,SER,LEU,GLU,THR,VAL,ARG,ARG,TRP,VAL,ARG,GLU,SER,ARG,3.98,8.66,56.15,39.91,176.5,117.7,1,9.0,0.881110803125,,6.5
9,2og0,2og0_B.pdb,ALA,10,B,ASN,ARG,0.6227291043586112,-0.7824375135336508,0.7076792840072017,-0.7065338144682491,0.39644728607476304,-0.9180574869603509,0.9541471925532091,-0.2993378274505734,-0.09068676768411653,-0.9958794656819705,0.9974727119865163,-0.07105060761361758,-0.9928073756898893,-0.11972265773760182,1,0.5947447568211129,0.8039145938679029,1,0.0,0.0,0,0.0,0.0,0,0.4127972692447164,-0.9108229325747706,1,-0.9996602640372128,0.02606446824798246,1,2.272977113723755,-0.9870068120044918,-0.4799900334263018,1,-1.3914712875703124,0.0,0.0,0.0,0,0.0,2.119311571121216,-0.8682234456893084,-0.8824806869128229,1,-1.839338559816445,4.033699989318848,-0.07443444451689248,-0.21363823677203983,1,-0.3021914936099325,2.3226828575134277,-0.3728416170091327,-0.8731079478054447,1,-0.9864560984028743,0.8952556562195476,0.8952274962371533,0.8701737075387312,-2,0,6,1,-3,0,0,0,1,-3,-3,0,-2,-3,-2,1,0,-4,-2,-3,4,-1,-2,-2,0,-1,-1,0,-2,-1,-1,-1,-1,-2,-1,1,0,-3,-2,0,-1,5,0,-2,-3,1,0,-2,0,-3,-2,2,-1,-3,-2,-1,-1,-3,-2,-3,4.32,8.24,52.5,19.1,177.8,123.8,15,15,0.9255182000805675,15,15,1,16,0.7547751979838114,5,12,5,13,0.7771990133460035,10,8,0.08280254777070063,15.484076433121018,1.0,0.0,0.0,0.0,0.0,0.0,0.0,0.0,-2.7,-1.7,-0.3,-0.2,-51.5,-45.0,0.7075471698113207,85.61320754716981,1.0,0.0,0.0,0.0,0.0,0.0,0.0,0.0,-2.5,-0.2,-0.3,-0.2,-66.6,-17.4,0.5241935483870968,138.91129032258064,0.0,0.0,0.0,0.0,0.0,1.0,0.0,0.0,-1.1,-0.3,-0.9,-0.2,-95.2,-4.1,0.020654126065173757,0.024098324031781828,0.009098076400721713,0.01909284114944044,0.10407450650347666,0.07032645445168599,,,25.58285714285714,24.967999999999996,27.341250000000002,NONE,NONE,NONE,NONE,NONE,NONE,NONE,NONE,NONE,NONE,NONE,MET,TYR,LEU,THR,LEU,GLN,GLU,TRP,ASN,ARG,GLN,ARG,ARG,PRO,ARG,SER,LEU,GLU,THR,VAL,ARG,ARG,TRP,VAL,ARG,GLU,SER,ARG,ILE,4.01,7.6,54.08,18.9,178.5,116.6,1,10.0,0.837241433688,,6.5
10,2og0,2og0_B.pdb,ARG,11,B,ALA,GLN,0.39644728607476304,-0.9180574869603509,0.9541471925532091,-0.2993378274505734,-0.09068676768411653,-0.9958794656819705,0.9974727119865163,-0.07105060761361758,0.09535815703362786,-0.9954430279464265,-0.9487539589805731,0.3160157042279527,0.0,0.0,0,0.0,0.0,0,0.4127972692447164,-0.9108229325747706,1,-0.9996602640372128,0.02606446824798246,1,0.5573309283807218,-0.8302904529562427,1,0.6969249254607296,-0.7171440917079053,1,4.033699989318848,-0.07443444451689248,-0.21363823677203983,1,-0.3021914936099325,0.0,0.0,0.0,0,0.0,2.3226828575134277,-0.3728416170091327,-0.8731079478054447,1,-0.9864560984028743,4.863872051239014,-0.15470194950841745,-0.21412359938087416,1,-0.14038749156913496,2.272977113723755,-0.4799900334263018,-0.9870068120044918,1,-1.3914712875703124,0.8952274962371533,0.8701737075387312,0.821291889954552,4,-1,-2,-2,0,-1,-1,0,-2,-1,-1,-1,-1,-2,-1,1,0,-3,-2,0,-1,5,0,-2,-3,1,0,-2,0,-3,-2,2,-1,-3,-2,-1,-1,-3,-2,-3,-1,1,0,0,-3,5,2,-2,0,-3,-2,1,0,-3,-1,0,-1,-2,-1,-2,4.34,8.23,56.0,30.9,176.3,120.5,1,16,0.7547751979838114,5,12,5,13,0.7771990133460035,10,8,13,4,0.4502532595073124,12,5,0.7075471698113207,85.61320754716981,1.0,0.0,0.0,0.0,0.0,0.0,0.0,0.0,-2.5,-0.2,-0.3,-0.2,-66.6,-17.4,0.5241935483870968,138.91129032258064,0.0,0.0,0.0,0.0,0.0,1.0,0.0,0.0,-1.1,-0.3,-0.9,-0.2,-95.2,-4.1,0.29292929292929293,62.686868686868685,0.0,0.0,0.0,0.0,0.0,0.0,1.0,0.0,-1.7,-0.0,-0.4,-0.0,-84.5,161.6,0.04111177493264227,0.04820580340519662,0.031062762077249367,0.032077002634783476,0.28164562602826654,0.11311503923079004,,,24.967999999999996,27.341250000000002,26.70235294117647,NONE,NONE,NONE,NONE,NONE,NONE,NONE,NONE,NONE,NONE,MET,TYR,LEU,THR,LEU,GLN,GLU,TRP,ASN,ALA,GLN,ARG,ARG,PRO,ARG,SER,LEU,GLU,THR,VAL,ARG,ARG,TRP,VAL,ARG,GLU,SER,ARG,ILE,PHE,4.25,7.09,55.89,31.21,176.8,114.4,1,11.0,0.810650836785,27.1,6.5
11,2og0,2og0_B.pdb,GLN,12,B,ARG,ARG,-0.09068676768411653,-0.9958794656819705,0.9974727119865163,-0.07105060761361758,0.09535815703362786,-0.9954430279464265,-0.9487539589805731,0.3160157042279527,0.49216120083523424,-0.8705040794806307,0.8341241545421448,-0.5515767351958856,0.4127972692447164,-0.9108229325747706,1,-0.9996602640372128,0.02606446824798246,1,0.5573309283807218,-0.8302904529562427,1,0.6969249254607296,-0.7171440917079053,1,-0.9995445693522941,-0.030177042239705625,1,-0.95101093957425,-0.30915722991724187,1,4.863872051239014,-0.15470194950841745,-0.21412359938087416,1,-0.14038749156913496,0.0,0.0,0.0,0,0.0,2.272977113723755,-0.4799900334263018,-0.9870068120044918,1,-1.3914712875703124,2.7150096893310547,-0.7576720041740816,-0.6247512430107542,1,-1.0380060347159943,0.0,0.0,0.0,0,0.0,0.8701737075387312,0.821291889954552,0.7267755288160553,-1,5,0,-2,-3,1,0,-2,0,-3,-2,2,-1,-3,-2,-1,-1,-3,-2,-3,-1,1,0,0,-3,5,2,-2,0,-3,-2,1,0,-3,-1,0,-1,-2,-1,-2,-1,5,0,-2,-3,1,0,-2,0,-3,-2,2,-1,-3,-2,-1,-1,-3,-2,-3,4.42,8.32,55.7,29.4,176.0,119.8,5,13,0.7771990133460035,10,8,13,4,0.4502532595073124,12,5,0,10,0.8778220090744772,2,8,0.5241935483870968,138.91129032258064,0.0,0.0,0.0,0.0,0.0,1.0,0.0,0.0,-1.1,-0.3,-0.9,-0.2,-95.2,-4.1,0.29292929292929293,62.686868686868685,0.0,0.0,0.0,0.0,0.0,0.0,1.0,0.0,-1.7,-0.0,-0.4,-0.0,-84.5,161.6,0.907258064516129,240.42338709677418,0.0,0.0,0.0,0.0,0.0,0.0,1.0,0.0,-0.3,-0.1,-0.1,-0.0,-60.5,-33.5,0.02515658654409067,0.07509731889373682,0.06783563310470704,0.05416187927292825,0.40104798321007085,0.25713124158097433,,,27.341250000000002,26.70235294117647,29.472500000000007,NONE,NONE,NONE,NONE,NONE,NONE,NONE,NONE,NONE,MET,TYR,LEU,THR,LEU,GLN,GLU,TRP,ASN,ALA,ARG,ARG,ARG,PRO,ARG,SER,LEU,GLU,THR,VAL,ARG,ARG,TRP,VAL,ARG,GLU,SER,ARG,ILE,PHE,PRO,3.85,7.13,54.59,29.37,175.5,118.7,1,12.0,0.823489220995,33.1,6.5
12,2og0,2og0_B.pdb,ARG,13,B,GLN,ARG,0.09535815703362786,-0.9954430279464265,-0.9487539589805731,0.3160157042279527,0.49216120083523424,-0.8705040794806307,0.8341241545421448,-0.5515767351958856,-0.7361621443837421,-0.6768052136149149,0.038537995907503945,0.9992571355118928,0.5573309283807218,-0.8302904529562427,1,0.6969249254607296,-0.7171440917079053,1,-0.9995445693522941,-0.030177042239705625,1,-0.95101093957425,-0.30915722991724187,1,-0.9993968437130482,0.03472677319298743,1,-0.04904606160092279,0.9987965177359392,1,2.7150096893310547,-0.7576720041740816,-0.6247512430107542,1,-1.0380060347159943,4.863872051239014,-0.21412359938087416,-0.15470194950841745,0,-0.14038749156913496,0.0,0.0,0.0,0,0.0,0.0,0.0,0.0,0,0.0,0.0,0.0,0.0,0,0.0,0.821291889954552,0.7267755288160553,0.690115580300017,-1,1,0,0,-3,5,2,-2,0,-3,-2,1,0,-3,-1,0,-1,-2,-1,-2,-1,5,0,-2,-3,1,0,-2,0,-3,-2,2,-1,-3,-2,-1,-1,-3,-2,-3,-1,5,0,-2,-3,1,0,-2,0,-3,-2,2,-1,-3,-2,-1,-1,-3,-2,-3,4.34,8.23,56.0,30.9,176.3,120.5,13,4,0.4502532595073124,12,5,0,10,0.8778220090744772,2,8,0,12,0.5479671646728207,2,10,0.29292929292929293,62.686868686868685,0.0,0.0,0.0,0.0,0.0,0.0,1.0,0.0,-1.7,-0.0,-0.4,-0.0,-84.5,161.6,0.907258064516129,240.42338709677418,0.0,0.0,0.0,0.0,0.0,0.0,1.0,0.0,-0.3,-0.1,-0.1,-0.0,-60.5,-33.5,0.532258064516129,141.04838709677418,0.0,0.0,0.0,0.0,0.0,0.0,1.0,0.0,-0.1,-0.3,0.0,-0.1,-137.4,87.8,0.005764676196486667,0.014513046573350967,0.006855035790304356,0.017660518410852737,0.13463222815798048,0.04846353094516124,,,26.70235294117647,29.472500000000007,36.24375,NONE,NONE,NONE,NONE,NONE,NONE,NONE,NONE,MET,TYR,LEU,THR,LEU,GLN,GLU,TRP,ASN,ALA,ARG,GLN,ARG,PRO,ARG,SER,LEU,GLU,THR,VAL,ARG,ARG,TRP,VAL,ARG,GLU,SER,ARG,ILE,PHE,PRO,PRO,3.97,8.45,59.09,30.11,177.6,121.2,1,13.0,0.838923251037,27.4,6.5
13,2og0,2og0_B.pdb,ARG,14,B,ARG,PRO,0.49216120083523424,-0.8705040794806307,0.8341241545421448,-0.5515767351958856,-0.7361621443837421,-0.6768052136149149,0.038537995907503945,0.9992571355118928,0.5523070041570423,-0.8336407938429314,-0.7854989474097208,0.618862992606781,-0.9995445693522941,-0.030177042239705625,1,-0.95101093957425,-0.30915722991724187,1,-0.9993968437130482,0.03472677319298743,1,-0.04904606160092279,0.9987965177359392,1,0.9317487245227115,-0.36310372395542884,1,0.8250034422792344,0.5651277025835966,1,0.0,0.0,0.0,0,0.0,0.0,0.0,0.0,0,0.0,0.0,0.0,0.0,0,0.0,2.7028377056121826,-0.948170367072138,-0.8297985780402282,1,-1.2385110691501917,0.0,0.0,0.0,0,0.0,0.7267755288160553,0.690115580300017,0.4758154185532768,-1,5,0,-2,-3,1,0,-2,0,-3,-2,2,-1,-3,-2,-1,-1,-3,-2,-3,-1,5,0,-2,-3,1,0,-2,0,-3,-2,2,-1,-3,-2,-1,-1,-3,-2,-3,-1,-2,-2,-1,-3,-1,-1,-2,-2,-3,-3,-1,-2,-4,7,-1,-1,-4,-3,-2,4.65,8.2,54.0,30.2,174.5,121.3,0,10,0.8778220090744772,2,8,0,12,0.5479671646728207,2,10,9,8,0.5206033801927907,8,9,0.907258064516129,240.42338709677418,0.0,0.0,0.0,0.0,0.0,0.0,1.0,0.0,-0.3,-0.1,-0.1,-0.0,-60.5,-33.5,0.532258064516129,141.04838709677418,0.0,0.0,0.0,0.0,0.0,0.0,1.0,0.0,-0.1,-0.3,0.0,-0.1,-137.4,87.8,0.5073529411764706,78.13235294117646,0.0,0.0,0.0,0.0,0.0,0.0,0.0,1.0,0.0,-0.2,0.0,-0.1,-56.5,141.8,-0.005687282631883406,-0.003530831955323761,-0.007307510721779436,0.0031337437321886565,0.0296625717240664,-0.0031076331159532507,,,29.472500000000007,36.24375,26.659285714285716,NONE,NONE,NONE,NONE,NONE,NONE,NONE,MET,TYR,LEU,THR,LEU,GLN,GLU,TRP,ASN,ALA,ARG,GLN,ARG,PRO,ARG,SER,LEU,GLU,THR,VAL,ARG,ARG,TRP,VAL,ARG,GLU,SER,ARG,ILE,PHE,PRO,PRO,PRO,4.7,7.99,52.59,31.51,177.6,116.5,1,14.0,0.853764619038,,6.5
14,2og0,2og0_B.pdb,PRO,15,B,ARG,ARG,-0.7361621443837421,-0.6768052136149149,0.038537995907503945,0.9992571355118928,0.5523070041570423,-0.8336407938429314,-0.7854989474097208,0.618862992606781,-0.4003117232773731,-0.9163790286812001,-0.9995804781083231,0.028963214337091,-0.9993968437130482,0.03472677319298743,1,-0.04904606160092279,0.9987965177359392,1,0.9317487245227115,-0.36310372395542884,1,0.8250034422792344,0.5651277025835966,1,0.48883539766897344,-0.8723760393235342,1,0.3798504274102739,-0.9250479191891803,1,2.7028377056121826,-0.948170367072138,-0.8297985780402282,1,-1.2385110691501917,3.1786649227142334,-0.5594503859689697,-0.456866713805582,1,-0.41326568577264394,0.0,0.0,0.0,0,0.0,3.104656457901001,-0.9934214074348573,-0.3565561716468858,1,-0.6636558369669858,2.1063663959503174,-0.4956039344475314,-0.9574009795872103,1,-1.8523322487878222,0.690115580300017,0.4758154185532768,0.8342863581632762,-1,5,0,-2,-3,1,0,-2,0,-3,-2,2,-1,-3,-2,-1,-1,-3,-2,-3,-1,-2,-2,-1,-3,-1,-1,-2,-2,-3,-3,-1,-2,-4,7,-1,-1,-4,-3,-2,-1,5,0,-2,-3,1,0,-2,0,-3,-2,2,-1,-3,-2,-1,-1,-3,-2,-3,4.74,0,63.3,32.1,177.3,0,0,12,0.5479671646728207,2,10,9,8,0.5206033801927907,8,9,7,12,0.6507675921045315,8,11,0.532258064516129,141.04838709677418,0.0,0.0,0.0,0.0,0.0,0.0,1.0,0.0,-0.1,-0.3,0.0,-0.1,-137.4,87.8,0.5073529411764706,78.13235294117646,0.0,0.0,0.0,0.0,0.0,0.0,0.0,1.0,0.0,-0.2,0.0,-0.1,-56.5,141.8,0.3951612903225806,104.71774193548387,0.0,0.0,0.0,0.0,0.0,0.0,0.0,1.0,-0.2,-0.1,-0.0,-0.0,-113.6,178.3,-0.002869113202175092,0.00120262949956652,0.00583725293645308,0.000984239762445861,,0.0005144045427064946,,,36.24375,26.659285714285716,30.84166666666667,NONE,NONE,NONE,NONE,NONE,NONE,MET,TYR,LEU,THR,LEU,GLN,GLU,TRP,ASN,ALA,ARG,GLN,ARG,ARG,ARG,SER,LEU,GLU,THR,VAL,ARG,ARG,TRP,VAL,ARG,GLU,SER,ARG,ILE,PHE,PRO,PRO,PRO,VAL,4.17,,63.49,33.11,176.8,,1,15.0,0.822912211586,27.7,6.5
15,2og0,2og0_B.pdb,ARG,16,B,PRO,SER,0.5523070041570423,-0.8336407938429314,-0.7854989474097208,0.618862992606781,-0.4003117232773731,-0.9163790286812001,-0.9995804781083231,0.028963214337091,0.5302932542820441,-0.8478142865409614,-0.8435673679883774,0.5370233660327653,0.9317487245227115,-0.36310372395542884,1,0.8250034422792344,0.5651277025835966,1,0.48883539766897344,-0.8723760393235342,1,0.3798504274102739,-0.9250479191891803,1,0.19950862347594903,0.9798960705905152,1,0.0,0.0,0,3.104656457901001,-0.9934214074348573,-0.3565561716468858,1,-0.6636558369669858,0.0,0.0,0.0,0,0.0,2.1063663959503174,-0.4956039344475314,-0.9574009795872103,1,-1.8523322487878222,1.9738998413085938,-0.8130930929077397,-0.7752975594611419,1,-2.043615469809412,0.0,0.0,0.0,0,0.0,0.4758154185532768,0.8342863581632762,0.7340870713010211,-1,-2,-2,-1,-3,-1,-1,-2,-2,-3,-3,-1,-2,-4,7,-1,-1,-4,-3,-2,-1,5,0,-2,-3,1,0,-2,0,-3,-2,2,-1,-3,-2,-1,-1,-3,-2,-3,1,-1,1,0,-1,0,0,0,-1,-2,-2,0,-1,-2,-1,4,1,-3,-2,-2,4.34,8.23,56.0,30.9,176.3,120.5,9,8,0.5206033801927907,8,9,7,12,0.6507675921045315,8,11,0,14,0.6047534636520121,3,11,0.5073529411764706,78.13235294117646,0.0,0.0,0.0,0.0,0.0,0.0,0.0,1.0,0.0,-0.2,0.0,-0.1,-56.5,141.8,0.3951612903225806,104.71774193548387,0.0,0.0,0.0,0.0,0.0,0.0,0.0,1.0,-0.2,-0.1,-0.0,-0.0,-113.6,178.3,0.5384615384615384,77.0,0.0,0.0,0.0,0.0,0.0,0.0,0.0,1.0,-0.2,-1.7,-0.1,-0.3,-58.0,147.5,0.013718597310387408,0.011713822746455072,0.021044207396832895,-0.00029388013200878763,-0.0016189058548725043,0.014561949516364251,,,26.659285714285716,30.84166666666667,25.784545454545455,NONE,NONE,NONE,NONE,NONE,MET,TYR,LEU,THR,LEU,GLN,GLU,TRP,ASN,ALA,ARG,GLN,ARG,ARG,PRO,SER,LEU,GLU,THR,VAL,ARG,ARG,TRP,VAL,ARG,GLU,SER,ARG,ILE,PHE,PRO,PRO,PRO,VAL,LYS,4.98,8.9,51.59,33.01,176.8,123.7,1,16.0,0.828498507526,27.0,6.5
16,2og0,2og0_B.pdb,SER,17,B,ARG,LEU,-0.4003117232773731,-0.9163790286812001,-0.9995804781083231,0.028963214337091,0.5302932542820441,-0.8478142865409614,-0.8435673679883774,0.5370233660327653,0.48045189562236773,-0.8770210807003863,0.8333242369114557,-0.5527845115195794,0.48883539766897344,-0.8723760393235342,1,0.3798504274102739,-0.9250479191891803,1,0.19950862347594903,0.9798960705905152,1,0.0,0.0,0,0.5313632831558908,-0.8471440617237381,1,-0.998370947608549,-0.05705655940562642,1,1.9738998413085938,-0.8130930929077397,-0.7752975594611419,1,-2.043615469809412,0.0,0.0,0.0,0,0.0,0.0,0.0,0.0,0,0.0,2.4616336822509766,-0.942654094631431,-0.9157839998348948,1,-1.4135091853368122,0.0,0.0,0.0,0,0.0,0.8342863581632762,0.7340870713010211,0.8499612034389967,-1,5,0,-2,-3,1,0,-2,0,-3,-2,2,-1,-3,-2,-1,-1,-3,-2,-3,1,-1,1,0,-1,0,0,0,-1,-2,-2,0,-1,-2,-1,4,1,-3,-2,-2,-1,-2,-3,-4,-1,-2,-3,-4,-3,2,4,-2,2,0,-3,-2,-1,-2,-1,1,4.3,8.31,58.3,63.8,174.6,115.7,7,12,0.6507675921045315,8,11,0,14,0.6047534636520121,3,11,9,9,0.8200261735086525,5,13,0.3951612903225806,104.71774193548387,0.0,0.0,0.0,0.0,0.0,0.0,0.0,1.0,-0.2,-0.1,-0.0,-0.0,-113.6,178.3,0.5384615384615384,77.0,0.0,0.0,0.0,0.0,0.0,0.0,0.0,1.0,-0.2,-1.7,-0.1,-0.3,-58.0,147.5,0.40853658536585363,78.03048780487805,1.0,0.0,0.0,0.0,0.0,0.0,0.0,0.0,-0.2,-2.5,-0.2,-0.2,-61.3,-33.6,0.01926788183602302,0.021141042891149157,0.011662032325968085,0.015478075955912237,0.10032664643599676,0.05125618842956217,,,30.84166666666667,25.784545454545455,26.71578947368421,NONE,NONE,NONE,NONE,MET,TYR,LEU,THR,LEU,GLN,GLU,TRP,ASN,ALA,ARG,GLN,ARG,ARG,PRO,ARG,LEU,GLU,THR,VAL,ARG,ARG,TRP,VAL,ARG,GLU,SER,ARG,ILE,PHE,PRO,PRO,PRO,VAL,LYS,ASP,4.4,9.14,58.55,63.91,175.3,116.9,1,17.0,0.826879303863,,6.5
17,2og0,2og0_B.pdb,LEU,18,B,SER,GLU,0.5302932542820441,-0.8478142865409614,-0.8435673679883774,0.5370233660327653,0.48045189562236773,-0.8770210807003863,0.8333242369114557,-0.5527845115195794,0.4725177198323371,-0.8813211698605957,0.7919448209988598,-0.610592663314164,0.19950862347594903,0.9798960705905152,1,0.0,0.0,0,0.5313632831558908,-0.8471440617237381,1,-0.998370947608549,-0.05705655940562642,1,-0.9695014904567008,-0.2450854136872202,1,0.4046972392421306,0.9144507338013338,1,2.4616336822509766,-0.942654094631431,-0.9157839998348948,1,-1.4135091853368122,4.2363057136535645,-0.3190563017304646,-0.22347263866551068,1,-0.19120491468986112,0.0,0.0,0.0,0,0.0,2.127044916152954,-0.9752285514039236,-0.9117430699615463,1,-1.9882379032236484,3.2431881427764893,-0.03682271871182257,-0.3885635556950304,1,0.08600714532258369,0.7340870713010211,0.8499612034389967,0.879297471758023,1,-1,1,0,-1,0,0,0,-1,-2,-2,0,-1,-2,-1,4,1,-3,-2,-2,-1,-2,-3,-4,-1,-2,-3,-4,-3,2,4,-2,2,0,-3,-2,-1,-2,-1,1,-1,0,0,2,-4,2,5,-2,0,-3,-3,1,-2,-3,-1,0,-1,-3,-2,-2,4.32,8.16,55.1,42.4,177.6,121.8,0,14,0.6047534636520121,3,11,9,9,0.8200261735086525,5,13,1,13,0.7676797552092876,0,14,0.5384615384615384,77.0,0.0,0.0,0.0,0.0,0.0,0.0,0.0,1.0,-0.2,-1.7,-0.1,-0.3,-58.0,147.5,0.40853658536585363,78.03048780487805,1.0,0.0,0.0,0.0,0.0,0.0,0.0,0.0,-0.2,-2.5,-0.2,-0.2,-61.3,-33.6,0.37628865979381443,80.52577319587628,1.0,0.0,0.0,0.0,0.0,0.0,0.0,0.0,-0.2,-2.2,-0.2,-0.2,-61.8,-37.6,0.01331836373567665,0.015646888933734858,0.0035194506099347146,0.012072837595348896,0.0621629267366373,0.058730901070936856,,,25.784545454545455,26.71578947368421,26.494000000000003,NONE,NONE,NONE,MET,TYR,LEU,THR,LEU,GLN,GLU,TRP,ASN,ALA,ARG,GLN,ARG,ARG,PRO,ARG,SER,GLU,THR,VAL,ARG,ARG,TRP,VAL,ARG,GLU,SER,ARG,ILE,PHE,PRO,PRO,PRO,VAL,LYS,ASP,GLY,3.83,8.71,58.42,40.96,179.3,121.8,1,18.0,0.8736766464,27.1,6.5
18,2og0,2og0_B.pdb,GLU,19,B,LEU,THR,0.48045189562236773,-0.8770210807003863,0.8333242369114557,-0.5527845115195794,0.4725177198323371,-0.8813211698605957,0.7919448209988598,-0.610592663314164,0.5113056731738277,-0.859398922840993,0.6397425972961656,-0.7685892330788638,0.5313632831558908,-0.8471440617237381,1,-0.998370947608549,-0.05705655940562642,1,-0.9695014904567008,-0.2450854136872202,1,0.4046972392421306,0.9144507338013338,1,0.41849908769860455,-0.9082172171872959,1,0.0,0.0,0,2.127044916152954,-0.9752285514039236,-0.9117430699615463,1,-1.9882379032236484,0.0,0.0,0.0,0,0.0,3.2431881427764893,-0.03682271871182257,-0.3885635556950304,1,0.08600714532258369,2.141500949859619,-0.955087530109782,-0.8615801009955231,1,-1.8612812026348498,2.417415142059326,-0.6438835858612569,-0.9139283304849699,1,-1.3053778470879713,0.8499612034389967,0.879297471758023,0.8930232302666671,-1,-2,-3,-4,-1,-2,-3,-4,-3,2,4,-2,2,0,-3,-2,-1,-2,-1,1,-1,0,0,2,-4,2,5,-2,0,-3,-3,1,-2,-3,-1,0,-1,-3,-2,-2,0,-1,0,-1,-1,-1,-1,-2,-2,-1,-1,-1,-1,-2,-1,1,5,-2,-2,0,4.64,8.42,56.6,29.9,176.6,120.2,9,9,0.8200261735086525,5,13,1,13,0.7676797552092876,0,14,2,17,0.8331497114440889,6,13,0.40853658536585363,78.03048780487805,1.0,0.0,0.0,0.0,0.0,0.0,0.0,0.0,-0.2,-2.5,-0.2,-0.2,-61.3,-33.6,0.37628865979381443,80.52577319587628,1.0,0.0,0.0,0.0,0.0,0.0,0.0,0.0,-0.2,-2.2,-0.2,-0.2,-61.8,-37.6,0.2535211267605634,41.32394366197183,1.0,0.0,0.0,0.0,0.0,0.0,0.0,0.0,-0.3,-2.4,-0.2,-0.2,-59.2,-50.2,0.023013274930198467,0.01802219095346482,0.007812811151220934,0.012663218462259573,0.07789791170590027,0.039124721896669455,,,26.71578947368421,26.494000000000003,23.789999999999996,NONE,NONE,MET,TYR,LEU,THR,LEU,GLN,GLU,TRP,ASN,ALA,ARG,GLN,ARG,ARG,PRO,ARG,SER,LEU,THR,VAL,ARG,ARG,TRP,VAL,ARG,GLU,SER,ARG,ILE,PHE,PRO,PRO,PRO,VAL,LYS,ASP,GLY,ARG,3.93,8.48,59.79,29.37,179.4,116.7,1,19.0,0.89919949127,36.6,6.5
19,2og0,2og0_B.pdb,THR,20,B,GLU,VAL,0.4725177198323371,-0.8813211698605957,0.7919448209988598,-0.610592663314164,0.5113056731738277,-0.859398922840993,0.6397425972961656,-0.7685892330788638,0.5369108916950832,-0.8436389597328887,0.7035527450971055,-0.7106430432125029,-0.9695014904567008,-0.2450854136872202,1,0.4046972392421306,0.9144507338013338,1,0.41849908769860455,-0.9082172171872959,1,0.0,0.0,0,-0.9991576176515524,-0.04103724026873858,1,0.0,0.0,0,2.141500949859619,-0.955087530109782,-0.8615801009955231,1,-1.8612812026348498,0.0,0.0,0.0,0,0.0,2.417415142059326,-0.6438835858612569,-0.9139283304849699,1,-1.3053778470879713,2.117461919784546,-0.9416722857557183,-0.9061343352802038,1,-1.9627152282834566,2.4616336822509766,-0.9157839998348948,-0.942654094631431,1,-1.4135091853368122,0.879297471758023,0.8930232302666671,0.896728501181358,-1,0,0,2,-4,2,5,-2,0,-3,-3,1,-2,-3,-1,0,-1,-3,-2,-2,0,-1,0,-1,-1,-1,-1,-2,-2,-1,-1,-1,-1,-2,-1,1,5,-2,-2,0,0,-3,-3,-3,-1,-2,-2,-3,-3,3,1,-2,1,-1,-2,-2,0,-3,-1,4,4.47,8.15,61.8,69.8,174.7,113.6,1,13,0.7676797552092876,0,14,2,17,0.8331497114440889,6,13,19,11,0.8713759148553039,17,13,0.37628865979381443,80.52577319587628,1.0,0.0,0.0,0.0,0.0,0.0,0.0,0.0,-0.2,-2.2,-0.2,-0.2,-61.8,-37.6,0.2535211267605634,41.32394366197183,1.0,0.0,0.0,0.0,0.0,0.0,0.0,0.0,-0.3,-2.4,-0.2,-0.2,-59.2,-50.2,0.0,0.0,1.0,0.0,0.0,0.0,0.0,0.0,0.0,0.0,-1.7,-2.0,-0.2,-0.2,-57.5,-45.3,0.12113635530746467,0.10352504225216302,0.06803179326812098,0.03702987162200856,0.2294019667321824,0.2682317333810162,,,26.494000000000003,23.789999999999996,24.559999999999995,NONE,MET,TYR,LEU,THR,LEU,GLN,GLU,TRP,ASN,ALA,ARG,GLN,ARG,ARG,PRO,ARG,SER,LEU,GLU,VAL,ARG,ARG,TRP,VAL,ARG,GLU,SER,ARG,ILE,PHE,PRO,PRO,PRO,VAL,LYS,ASP,GLY,ARG,GLU,3.53,7.62,66.53,67.61,174.1,120.0,1,20.0,0.925696370545,,6.5
20,2og0,2og0_B.pdb,VAL,21,B,THR,ARG,0.5113056731738277,-0.859398922840993,0.6397425972961656,-0.7685892330788638,0.5369108916950832,-0.8436389597328887,0.7035527450971055,-0.7106430432125029,0.5188604340490953,-0.8548589649634519,0.7110574547911727,-0.7031339104224027,0.41849908769860455,-0.9082172171872959,1,0.0,0.0,0,-0.9991576176515524,-0.04103724026873858,1,0.0,0.0,0,0.3772951833940314,-0.926093053957141,1,-0.9981898690991857,0.060141377002447066,1,2.117461919784546,-0.9416722857557183,-0.9061343352802038,1,-1.9627152282834566,0.0,0.0,0.0,0,0.0,2.4616336822509766,-0.9157839998348948,-0.942654094631431,1,-1.4135091853368122,2.249213218688965,-0.9489777729137396,-0.9177850619714853,1,-1.7291235359875947,2.127044916152954,-0.9117430699615463,-0.9752285514039236,1,-1.9882379032236484,0.8930232302666671,0.896728501181358,0.8967458108349752,0,-1,0,-1,-1,-1,-1,-2,-2,-1,-1,-1,-1,-2,-1,1,5,-2,-2,0,0,-3,-3,-3,-1,-2,-2,-3,-3,3,1,-2,1,-1,-2,-2,0,-3,-1,4,-1,5,0,-2,-3,1,0,-2,0,-3,-2,2,-1,-3,-2,-1,-1,-3,-2,-3,4.35,8.03,62.2,32.9,176.3,119.2,2,17,0.8331497114440889,6,13,19,11,0.8713759148553039,17,13,10,17,0.8832417247704992,7,20,0.2535211267605634,41.32394366197183,1.0,0.0,0.0,0.0,0.0,0.0,0.0,0.0,-0.3,-2.4,-0.2,-0.2,-59.2,-50.2,0.0,0.0,1.0,0.0,0.0,0.0,0.0,0.0,0.0,0.0,-1.7,-2.0,-0.2,-0.2,-57.5,-45.3,0.3870967741935484,102.58064516129032,1.0,0.0,0.0,0.0,0.0,0.0,0.0,0.0,-2.5,-2.4,-0.2,-0.2,-58.7,-44.7,0.0181924750547846,0.10574212652156698,0.016568865717973752,0.10619666185424785,0.5666956950219918,0.5864959333078964,,,23.789999999999996,24.559999999999995,26.793750000000003,MET,TYR,LEU,THR,LEU,GLN,GLU,TRP,ASN,ALA,ARG,GLN,ARG,ARG,PRO,ARG,SER,LEU,GLU,THR,ARG,ARG,TRP,VAL,ARG,GLU,SER,ARG,ILE,PHE,PRO,PRO,PRO,VAL,LYS,ASP,GLY,ARG,GLU,TYR,3.1,7.23,66.64,31.8,178.2,119.5,1,21.0,0.927526593715,,6.5
21,2og0,2og0_B.pdb,ARG,22,B,VAL,ARG,0.5369108916950832,-0.8436389597328887,0.7035527450971055,-0.7106430432125029,0.5188604340490953,-0.8548589649634519,0.7110574547911727,-0.7031339104224027,0.5246658472753591,-0.8513082571564953,0.7171054082876536,-0.6969647289530494,-0.9991576176515524,-0.04103724026873858,1,0.0,0.0,0,0.3772951833940314,-0.926093053957141,1,-0.9981898690991857,0.060141377002447066,1,0.3172424275908569,-0.9483444744059302,1,-0.9716071502547006,0.2365999695138182,1,2.249213218688965,-0.9489777729137396,-0.9177850619714853,1,-1.7291235359875947,0.0,0.0,0.0,0,0.0,2.127044916152954,-0.9117430699615463,-0.9752285514039236,1,-1.9882379032236484,2.149219274520874,-0.9668459173102839,-0.9265235819426519,1,-1.9341142893223655,2.141500949859619,-0.8615801009955231,-0.955087530109782,1,-1.8612812026348498,0.896728501181358,0.8967458108349752,0.8969267025157893,0,-3,-3,-3,-1,-2,-2,-3,-3,3,1,-2,1,-1,-2,-2,0,-3,-1,4,-1,5,0,-2,-3,1,0,-2,0,-3,-2,2,-1,-3,-2,-1,-1,-3,-2,-3,-1,5,0,-2,-3,1,0,-2,0,-3,-2,2,-1,-3,-2,-1,-1,-3,-2,-3,4.34,8.23,56.0,30.9,176.3,120.5,19,11,0.8713759148553039,17,13,10,17,0.8832417247704992,7,20,0,16,0.869109303792954,5,11,0.0,0.0,1.0,0.0,0.0,0.0,0.0,0.0,0.0,0.0,-1.7,-2.0,-0.2,-0.2,-57.5,-45.3,0.3870967741935484,102.58064516129032,1.0,0.0,0.0,0.0,0.0,0.0,0.0,0.0,-2.5,-2.4,-0.2,-0.2,-58.7,-44.7,0.49193548387096775,130.36290322580646,1.0,0.0,0.0,0.0,0.0,0.0,0.0,0.0,-2.2,-2.5,-0.2,-0.2,-58.4,-44.2,-0.0017802288562188471,-0.006463412675084279,-0.010518842126900442,0.01118255291742783,0.10229090313081535,-0.05216946527895798,,,24.559999999999995,26.793750000000003,24.742499999999993,TYR,LEU,THR,LEU,GLN,GLU,TRP,ASN,ALA,ARG,GLN,ARG,ARG,PRO,ARG,SER,LEU,GLU,THR,VAL,ARG,TRP,VAL,ARG,GLU,SER,ARG,ILE,PHE,PRO,PRO,PRO,VAL,LYS,ASP,GLY,ARG,GLU,TYR,LEU,3.71,8.42,60.59,30.61,179.2,117.0,1,22.0,0.915150760296,30.0,6.5
22,2og0,2og0_B.pdb,ARG,23,B,ARG,TRP,0.5188604340490953,-0.8548589649634519,0.7110574547911727,-0.7031339104224027,0.5246658472753591,-0.8513082571564953,0.7171054082876536,-0.6969647289530494,0.6310849815789388,-0.7757137010685775,0.6543255817462018,-0.7562129548430749,0.3772951833940314,-0.926093053957141,1,-0.9981898690991857,0.060141377002447066,1,0.3172424275908569,-0.9483444744059302,1,-0.9716071502547006,0.2365999695138182,1,0.4185574656939477,-0.9081903148084436,1,0.9698407845177364,-0.24373931296781334,1,2.149219274520874,-0.9668459173102839,-0.9265235819426519,1,-1.9341142893223655,0.0,0.0,0.0,0,0.0,2.141500949859619,-0.8615801009955231,-0.955087530109782,1,-1.8612812026348498,2.056807279586792,-0.8854304605541072,-0.916591788735884,1,-2.0211955715684136,2.117461919784546,-0.9061343352802038,-0.9416722857557183,1,-1.9627152282834566,0.8967458108349752,0.8969267025157893,0.8969435743174051,-1,5,0,-2,-3,1,0,-2,0,-3,-2,2,-1,-3,-2,-1,-1,-3,-2,-3,-1,5,0,-2,-3,1,0,-2,0,-3,-2,2,-1,-3,-2,-1,-1,-3,-2,-3,-3,-3,-4,-4,-2,-2,-3,-2,-2,-3,-2,-3,-1,1,-4,-3,-2,11,2,-3,4.34,8.23,56.0,30.9,176.3,120.5,10,17,0.8832417247704992,7,20,0,16,0.869109303792954,5,11,11,14,0.9505854234244135,18,7,0.3870967741935484,102.58064516129032,1.0,0.0,0.0,0.0,0.0,0.0,0.0,0.0,-2.5,-2.4,-0.2,-0.2,-58.7,-44.7,0.49193548387096775,130.36290322580646,1.0,0.0,0.0,0.0,0.0,0.0,0.0,0.0,-2.2,-2.5,-0.2,-0.2,-58.4,-44.2,0.09251101321585903,24.422907488986784,1.0,0.0,0.0,0.0,0.0,0.0,0.0,0.0,-2.4,-2.8,-0.2,-0.5,-50.9,-49.1,-0.020561360158434336,-0.004604273486295455,0.001268529071723193,0.005763565111135732,0.10536178381658082,-0.03189572660662811,,,26.793750000000003,24.742499999999993,23.327916666666667,LEU,THR,LEU,GLN,GLU,TRP,ASN,ALA,ARG,GLN,ARG,ARG,PRO,ARG,SER,LEU,GLU,THR,VAL,ARG,TRP,VAL,ARG,GLU,SER,ARG,ILE,PHE,PRO,PRO,PRO,VAL,LYS,ASP,GLY,ARG,GLU,TYR,LEU,PHE,3.98,7.68,60.19,29.11,177.8,122.3,1,23.0,0.901691877722,27.7,6.5
23,2og0,2og0_B.pdb,TRP,24,B,ARG,VAL,0.5246658472753591,-0.8513082571564953,0.7171054082876536,-0.6969647289530494,0.6310849815789388,-0.7757137010685775,0.6543255817462018,-0.7562129548430749,0.5354647045883137,-0.844557606170325,0.6145056219373397,-0.7889124416609256,0.3172424275908569,-0.9483444744059302,1,-0.9716071502547006,0.2365999695138182,1,0.4185574656939477,-0.9081903148084436,1,0.9698407845177364,-0.24373931296781334,1,-0.9992534583184763,-0.038633224542679,1,0.0,0.0,0,2.056807279586792,-0.8854304605541072,-0.916591788735884,1,-2.0211955715684136,0.0,0.0,0.0,0,0.0,2.117461919784546,-0.9061343352802038,-0.9416722857557183,1,-1.9627152282834566,2.031501293182373,-0.9796513075591216,-0.882390672052623,1,-2.177850643284272,2.249213218688965,-0.9177850619714853,-0.9489777729137396,1,-1.7291235359875947,0.8969267025157893,0.8969435743174051,0.8974590604288796,-1,5,0,-2,-3,1,0,-2,0,-3,-2,2,-1,-3,-2,-1,-1,-3,-2,-3,-3,-3,-4,-4,-2,-2,-3,-2,-2,-3,-2,-3,-1,1,-4,-3,-2,11,2,-3,0,-3,-3,-3,-1,-2,-2,-3,-3,3,1,-2,1,-1,-2,-2,0,-3,-1,4,4.12,8.25,57.5,29.6,176.1,121.3,0,16,0.869109303792954,5,11,11,14,0.9505854234244135,18,7,15,12,0.8979323797433622,15,12,0.49193548387096775,130.36290322580646,1.0,0.0,0.0,0.0,0.0,0.0,0.0,0.0,-2.2,-2.5,-0.2,-0.2,-58.4,-44.2,0.09251101321585903,24.422907488986784,1.0,0.0,0.0,0.0,0.0,0.0,0.0,0.0,-2.4,-2.8,-0.2,-0.5,-50.9,-49.1,0.14788732394366197,24.401408450704224,1.0,0.0,0.0,0.0,0.0,0.0,0.0,0.0,-2.0,-1.7,-0.2,-0.2,-57.6,-52.1,-0.038593291520866414,-0.158082173567291,-0.37626495011485034,-0.03806045851405051,0.000345787354451474,-0.5041484840766051,,,24.742499999999993,23.327916666666667,25.781250000000004,THR,LEU,GLN,GLU,TRP,ASN,ALA,ARG,GLN,ARG,ARG,PRO,ARG,SER,LEU,GLU,THR,VAL,ARG,ARG,VAL,ARG,GLU,SER,ARG,ILE,PHE,PRO,PRO,PRO,VAL,LYS,ASP,GLY,ARG,GLU,TYR,LEU,PHE,HIS,4.56,8.28,58.35,28.91,179.3,120.2,1,24.0,0.888537760608,,6.5
24,2og0,2og0_B.pdb,VAL,25,B,TRP,ARG,0.6310849815789388,-0.7757137010685775,0.6543255817462018,-0.7562129548430749,0.5354647045883137,-0.844557606170325,0.6145056219373397,-0.7889124416609256,0.5786230983956399,-0.8155950649697616,0.8009501378399956,-0.598731055394734,0.4185574656939477,-0.9081903148084436,1,0.9698407845177364,-0.24373931296781334,1,-0.9992534583184763,-0.038633224542679,1,0.0,0.0,0,0.6511305676723665,-0.7589657329831576,1,-0.9957623524938054,0.09196378284956767,1,2.031501293182373,-0.9796513075591216,-0.882390672052623,1,-2.177850643284272,0.0,0.0,0.0,0,0.0,2.249213218688965,-0.9177850619714853,-0.9489777729137396,1,-1.7291235359875947,2.1904447078704834,-0.962586278890789,-0.29254913564622415,1,-1.268709018289149,2.149219274520874,-0.9265235819426519,-0.9668459173102839,1,-1.9341142893223655,0.8969435743174051,0.8974590604288796,0.8798826046587918,-3,-3,-4,-4,-2,-2,-3,-2,-2,-3,-2,-3,-1,1,-4,-3,-2,11,2,-3,0,-3,-3,-3,-1,-2,-2,-3,-3,3,1,-2,1,-1,-2,-2,0,-3,-1,4,-1,5,0,-2,-3,1,0,-2,0,-3,-2,2,-1,-3,-2,-1,-1,-3,-2,-3,4.35,8.03,62.2,32.9,176.3,119.2,11,14,0.9505854234244135,18,7,15,12,0.8979323797433622,15,12,2,15,0.8920892478487717,5,12,0.09251101321585903,24.422907488986784,1.0,0.0,0.0,0.0,0.0,0.0,0.0,0.0,-2.4,-2.8,-0.2,-0.5,-50.9,-49.1,0.14788732394366197,24.401408450704224,1.0,0.0,0.0,0.0,0.0,0.0,0.0,0.0,-2.0,-1.7,-0.2,-0.2,-57.6,-52.1,0.5725806451612904,151.73387096774195,1.0,0.0,0.0,0.0,0.0,0.0,0.0,0.0,-2.4,-0.2,-0.3,-0.2,-54.6,-36.8,0.007205449912044779,0.027221562741448605,0.06636214260155258,-0.014814669289471704,-0.11127946019976805,0.11865406733062614,,,23.327916666666667,25.781250000000004,29.4025,LEU,GLN,GLU,TRP,ASN,ALA,ARG,GLN,ARG,ARG,PRO,ARG,SER,LEU,GLU,THR,VAL,ARG,ARG,TRP,ARG,GLU,SER,ARG,ILE,PHE,PRO,PRO,PRO,VAL,LYS,ASP,GLY,ARG,GLU,TYR,LEU,PHE,HIS,GLU,3.52,8.09,66.84,31.8,180.4,118.0,1,25.0,0.878178550274,,6.5
25,2og0,2og0_B.pdb,ARG,26,B,VAL,GLU,0.5354647045883137,-0.844557606170325,0.6145056219373397,-0.7889124416609256,0.5786230983956399,-0.8155950649697616,0.8009501378399956,-0.598731055394734,0.015584736229202388,-0.9998785506233575,0.9939765966701458,0.10959254204568059,-0.9992534583184763,-0.038633224542679,1,0.0,0.0,0,0.6511305676723665,-0.7589657329831576,1,-0.9957623524938054,0.09196378284956767,1,0.35792513694734307,-0.9337502858587117,1,-0.8977321740278785,0.44054164810512386,1,2.1904447078704834,-0.962586278890789,-0.29254913564622415,1,-1.268709018289149,0.0,0.0,0.0,0,0.0,2.149219274520874,-0.9265235819426519,-0.9668459173102839,1,-1.9341142893223655,0.0,0.0,0.0,0,0.0,2.056807279586792,-0.916591788735884,-0.8854304605541072,1,-2.0211955715684136,0.8974590604288796,0.8798826046587918,0.8687841938744472,0,-3,-3,-3,-1,-2,-2,-3,-3,3,1,-2,1,-1,-2,-2,0,-3,-1,4,-1,5,0,-2,-3,1,0,-2,0,-3,-2,2,-1,-3,-2,-1,-1,-3,-2,-3,-1,0,0,2,-4,2,5,-2,0,-3,-3,1,-2,-3,-1,0,-1,-3,-2,-2,4.34,8.23,56.0,30.9,176.3,120.5,15,12,0.8979323797433622,15,12,2,15,0.8920892478487717,5,12,3,14,0.7110001956552842,10,7,0.14788732394366197,24.401408450704224,1.0,0.0,0.0,0.0,0.0,0.0,0.0,0.0,-2.0,-1.7,-0.2,-0.2,-57.6,-52.1,0.5725806451612904,151.73387096774195,1.0,0.0,0.0,0.0,0.0,0.0,0.0,0.0,-2.4,-0.2,-0.3,-0.2,-54.6,-36.8,0.5979381443298969,127.95876288659794,0.0,0.0,0.0,0.0,0.0,1.0,0.0,0.0,-2.5,-0.3,-0.2,-0.2,-89.1,6.3,-0.006885788490592123,-0.009970875843616367,-0.008765984618439878,-0.0028691066645868592,-0.034551791209960984,-0.031452089739309026,,,25.781250000000004,29.4025,30.049333333333333,GLN,GLU,TRP,ASN,ALA,ARG,GLN,ARG,ARG,PRO,ARG,SER,LEU,GLU,THR,VAL,ARG,ARG,TRP,VAL,GLU,SER,ARG,ILE,PHE,PRO,PRO,PRO,VAL,LYS,ASP,GLY,ARG,GLU,TYR,LEU,PHE,HIS,GLU,SER,4.14,8.06,59.59,30.61,178.5,122.8,1,26.0,0.828850610028,28.1,6.5
26,2og0,2og0_B.pdb,GLU,27,B,ARG,SER,0.5786230983956399,-0.8155950649697616,0.8009501378399956,-0.598731055394734,0.015584736229202388,-0.9998785506233575,0.9939765966701458,0.10959254204568059,0.4452512861143473,0.8954056579079226,0.7797399598253533,0.6261035018681468,0.6511305676723665,-0.7589657329831576,1,-0.9957623524938054,0.09196378284956767,1,0.35792513694734307,-0.9337502858587117,1,-0.8977321740278785,0.44054164810512386,1,0.6542764558941034,-0.756255458996926,1,0.0,0.0,0,0.0,0.0,0.0,0,0.0,0.0,0.0,0.0,0,0.0,2.056807279586792,-0.916591788735884,-0.8854304605541072,1,-2.0211955715684136,2.920738697052002,-0.7266915862534062,-0.9451455883629043,1,-0.9917855025654135,2.1904447078704834,-0.29254913564622415,-0.962586278890789,1,-1.268709018289149,0.8798826046587918,0.8687841938744472,0.8737901378955764,-1,5,0,-2,-3,1,0,-2,0,-3,-2,2,-1,-3,-2,-1,-1,-3,-2,-3,-1,0,0,2,-4,2,5,-2,0,-3,-3,1,-2,-3,-1,0,-1,-3,-2,-2,1,-1,1,0,-1,0,0,0,-1,-2,-2,0,-1,-2,-1,4,1,-3,-2,-2,4.64,8.42,56.6,29.9,176.6,120.2,2,15,0.8920892478487717,5,12,3,14,0.7110001956552842,10,7,5,14,0.9268931429381542,1,18,0.5725806451612904,151.73387096774195,1.0,0.0,0.0,0.0,0.0,0.0,0.0,0.0,-2.4,-0.2,-0.3,-0.2,-54.6,-36.8,0.5979381443298969,127.95876288659794,0.0,0.0,0.0,0.0,0.0,1.0,0.0,0.0,-2.5,-0.3,-0.2,-0.2,-89.1,6.3,0.6307692307692307,90.2,0.0,0.0,0.0,0.0,0.0,1.0,0.0,0.0,-1.7,-0.2,-0.1,-0.1,63.6,38.8,-0.006329368787332251,-0.014576619999998068,-0.015312552700923797,-0.009718142837186137,-0.09184981328203436,-0.039558863349995387,,,29.4025,30.049333333333333,28.62181818181818,GLU,TRP,ASN,ALA,ARG,GLN,ARG,ARG,PRO,ARG,SER,LEU,GLU,THR,VAL,ARG,ARG,TRP,VAL,ARG,SER,ARG,ILE,PHE,PRO,PRO,PRO,VAL,LYS,ASP,GLY,ARG,GLU,TYR,LEU,PHE,HIS,GLU,SER,ALA,4.31,8.35,56.29,30.47,175.2,117.5,1,27.0,0.784581629196,36.9,6.5
27,2og0,2og0_B.pdb,SER,28,B,GLU,ARG,0.015584736229202388,-0.9998785506233575,0.9939765966701458,0.10959254204568059,0.4452512861143473,0.8954056579079226,0.7797399598253533,0.6261035018681468,-0.12394962493247756,-0.9922885117137547,0.9960862729964801,-0.08838629276070858,0.35792513694734307,-0.9337502858587117,1,-0.8977321740278785,0.44054164810512386,1,0.6542764558941034,-0.756255458996926,1,0.0,0.0,0,-0.993379468459106,-0.11487920457551987,1,-0.34458393531647963,0.9387555121126098,1,2.920738697052002,-0.7266915862534062,-0.9451455883629043,1,-0.9917855025654135,3.237297773361206,-0.6601042493356876,-0.34407565016056,1,-0.5251146256703656,2.1904447078704834,-0.29254913564622415,-0.962586278890789,1,-1.268709018289149,2.330111503601074,-0.7397028171862844,-0.694429947776581,1,-1.6042443256776895,2.031501293182373,-0.882390672052623,-0.9796513075591216,1,-2.177850643284272,0.8687841938744472,0.8737901378955764,0.8837881400915703,-1,0,0,2,-4,2,5,-2,0,-3,-3,1,-2,-3,-1,0,-1,-3,-2,-2,1,-1,1,0,-1,0,0,0,-1,-2,-2,0,-1,-2,-1,4,1,-3,-2,-2,-1,5,0,-2,-3,1,0,-2,0,-3,-2,2,-1,-3,-2,-1,-1,-3,-2,-3,4.3,8.31,58.3,63.8,174.6,115.7,3,14,0.7110001956552842,10,7,5,14,0.9268931429381542,1,18,6,14,0.8235133637621053,10,10,0.5979381443298969,127.95876288659794,0.0,0.0,0.0,0.0,0.0,1.0,0.0,0.0,-2.5,-0.3,-0.2,-0.2,-89.1,6.3,0.6307692307692307,90.2,0.0,0.0,0.0,0.0,0.0,1.0,0.0,0.0,-1.7,-0.2,-0.1,-0.1,63.6,38.8,0.25806451612903225,68.38709677419355,0.0,0.0,0.0,0.0,0.0,0.0,0.0,1.0,-2.8,-3.2,-0.1,-0.5,-97.1,-5.1,-0.0017452491376341577,-0.0013804534802977302,-0.0010837960772569935,-0.003427132178968041,-0.017219960867010522,0.009300696109195693,,,30.049333333333333,28.62181818181818,38.84666666666667,TRP,ASN,ALA,ARG,GLN,ARG,ARG,PRO,ARG,SER,LEU,GLU,THR,VAL,ARG,ARG,TRP,VAL,ARG,GLU,ARG,ILE,PHE,PRO,PRO,PRO,VAL,LYS,ASP,GLY,ARG,GLU,TYR,LEU,PHE,HIS,GLU,SER,ALA,VAL,4.32,7.96,58.95,60.91,175.3,111.9,1,28.0,0.77804718959,,6.5
28,2og0,2og0_B.pdb,ARG,29,B,SER,ILE,0.4452512861143473,0.8954056579079226,0.7797399598253533,0.6261035018681468,-0.12394962493247756,-0.9922885117137547,0.9960862729964801,-0.08838629276070858,-0.3194606101236466,-0.9475995560253432,-0.5977760158399135,0.8016631679742805,0.6542764558941034,-0.756255458996926,1,0.0,0.0,0,-0.993379468459106,-0.11487920457551987,1,-0.34458393531647963,0.9387555121126098,1,0.5743236211020925,-0.8186283517226729,1,0.45378944196371684,-0.891108939671384,1,2.330111503601074,-0.7397028171862844,-0.694429947776581,1,-1.6042443256776895,3.2233731746673584,-0.6235555751155875,-0.615668488255646,1,-0.46976476670146117,2.031501293182373,-0.882390672052623,-0.9796513075591216,1,-2.177850643284272,1.8424782752990723,-0.9102005701843677,-0.8309480145749186,1,-2.5124294980917306,3.6562018394470215,-0.4987218628241495,-0.4478511115923846,1,-0.35188221667245023,0.8737901378955764,0.8837881400915703,0.8822338793263719,1,-1,1,0,-1,0,0,0,-1,-2,-2,0,-1,-2,-1,4,1,-3,-2,-2,-1,5,0,-2,-3,1,0,-2,0,-3,-2,2,-1,-3,-2,-1,-1,-3,-2,-3,-1,-3,-3,-3,-1,-3,-3,-4,-3,4,2,-3,1,0,-3,-2,-1,-3,-1,3,4.34,8.23,56.0,30.9,176.3,120.5,5,14,0.9268931429381542,1,18,6,14,0.8235133637621053,10,10,21,9,0.3232961615771007,21,9,0.6307692307692307,90.2,0.0,0.0,0.0,0.0,0.0,1.0,0.0,0.0,-1.7,-0.2,-0.1,-0.1,63.6,38.8,0.25806451612903225,68.38709677419355,0.0,0.0,0.0,0.0,0.0,0.0,0.0,1.0,-2.8,-3.2,-0.1,-0.5,-97.1,-5.1,0.029585798816568046,5.769230769230769,0.0,0.0,1.0,0.0,0.0,0.0,0.0,0.0,-0.5,-0.2,-0.2,-0.1,-108.6,126.7,0.0025664285146878773,0.0035917135857599825,0.003310322311843879,-0.001991743683877622,-0.0426328980286558,0.020682181359772994,,,28.62181818181818,38.84666666666667,26.16263157894737,ASN,ALA,ARG,GLN,ARG,ARG,PRO,ARG,SER,LEU,GLU,THR,VAL,ARG,ARG,TRP,VAL,ARG,GLU,SER,ILE,PHE,PRO,PRO,PRO,VAL,LYS,ASP,GLY,ARG,GLU,TYR,LEU,PHE,HIS,GLU,SER,ALA,VAL,LYS,4.4,8.33,55.19,31.21,174.2,114.5,1,29.0,0.807536972118,27.4,6.5
29,2og0,2og0_B.pdb,ILE,30,B,ARG,PHE,-0.12394962493247756,-0.9922885117137547,0.9960862729964801,-0.08838629276070858,-0.3194606101236466,-0.9475995560253432,-0.5977760158399135,0.8016631679742805,-0.48818364542158466,-0.8727409285365804,-0.5584847623489934,0.8295147799912841,-0.993379468459106,-0.11487920457551987,1,-0.34458393531647963,0.9387555121126098,1,0.5743236211020925,-0.8186283517226729,1,0.45378944196371684,-0.891108939671384,1,-0.9984128793919246,-0.05631804563660091,1,0.3821389200661945,0.924104888944238,1,1.8424782752990723,-0.9102005701843677,-0.8309480145749186,1,-2.5124294980917306,2.5905797481536865,-0.7411855413901905,-0.7705312721806175,1,-1.0282081375141843,3.6562018394470215,-0.4987218628241495,-0.4478511115923846,1,-0.35188221667245023,2.9425694942474365,-0.533309246023826,-0.6033080217779673,1,-0.5547034413658067,1.9594300985336304,-0.9589182058250141,-0.9505829204919718,1,-2.392095602460757,0.8837881400915703,0.8822338793263719,0.8827619436101739,-1,5,0,-2,-3,1,0,-2,0,-3,-2,2,-1,-3,-2,-1,-1,-3,-2,-3,-1,-3,-3,-3,-1,-3,-3,-4,-3,4,2,-3,1,0,-3,-2,-1,-3,-1,3,-2,-3,-3,-3,-2,-3,-3,-3,-1,0,0,-3,0,6,-4,-2,-2,1,3,-1,4.73,8.0,61.1,38.8,176.4,119.9,6,14,0.8235133637621053,10,10,21,9,0.3232961615771007,21,9,6,15,0.30217863063703865,4,17,0.25806451612903225,68.38709677419355,0.0,0.0,0.0,0.0,0.0,0.0,0.0,1.0,-2.8,-3.2,-0.1,-0.5,-97.1,-5.1,0.029585798816568046,5.769230769230769,0.0,0.0,1.0,0.0,0.0,0.0,0.0,0.0,-0.5,-0.2,-0.2,-0.1,-108.6,126.7,0.6598984771573604,150.45685279187816,0.0,0.0,1.0,0.0,0.0,0.0,0.0,0.0,-3.2,-2.5,-0.5,-0.0,-119.2,124.0,-0.0003712695983626498,0.014683122032106446,0.03828652297306095,0.003492621780638471,0.03329882806144756,0.01787967575934584,,,38.84666666666667,26.16263157894737,29.246499999999997,ALA,ARG,GLN,ARG,ARG,PRO,ARG,SER,LEU,GLU,THR,VAL,ARG,ARG,TRP,VAL,ARG,GLU,SER,ARG,PHE,PRO,PRO,PRO,VAL,LYS,ASP,GLY,ARG,GLU,TYR,LEU,PHE,HIS,GLU,SER,ALA,VAL,LYS,VAL,4.85,7.47,58.17,38.58,175.1,117.4,1,30.0,0.843278562222,,6.5
30,2og0,2og0_B.pdb,PHE,31,B,ILE,PRO,-0.3194606101236466,-0.9475995560253432,-0.5977760158399135,0.8016631679742805,-0.48818364542158466,-0.8727409285365804,-0.5584847623489934,0.8295147799912841,0.2219036817664783,-0.9750685904173519,-0.9149441684691444,0.40358043632503526,0.5743236211020925,-0.8186283517226729,1,0.45378944196371684,-0.891108939671384,1,-0.9984128793919246,-0.05631804563660091,1,0.3821389200661945,0.924104888944238,1,0.9999127079162868,-0.013212741862249836,1,0.9491979974924827,0.31467945842755746,1,2.9425694942474365,-0.533309246023826,-0.6033080217779673,1,-0.5547034413658067,0.0,0.0,0.0,0,0.0,1.9594300985336304,-0.9589182058250141,-0.9505829204919718,1,-2.392095602460757,2.0885651111602783,-0.9631118408054764,-0.8129108233364273,1,-1.994349729717674,0.0,0.0,0.0,0,0.0,0.8822338793263719,0.8827619436101739,0.676187134763638,-1,-3,-3,-3,-1,-3,-3,-4,-3,4,2,-3,1,0,-3,-2,-1,-3,-1,3,-2,-3,-3,-3,-2,-3,-3,-3,-1,0,0,-3,0,6,-4,-2,-2,1,3,-1,-1,-2,-2,-1,-3,-1,-1,-2,-2,-3,-3,-1,-2,-4,7,-1,-1,-4,-3,-2,4.9,8.13,55.6,39.1,174.4,120.9,21,9,0.3232961615771007,21,9,6,15,0.30217863063703865,4,17,5,15,0.38938343053182434,7,13,0.029585798816568046,5.769230769230769,0.0,0.0,1.0,0.0,0.0,0.0,0.0,0.0,-0.5,-0.2,-0.2,-0.1,-108.6,126.7,0.6598984771573604,150.45685279187816,0.0,0.0,1.0,0.0,0.0,0.0,0.0,0.0,-3.2,-2.5,-0.5,-0.0,-119.2,124.0,0.27205882352941174,41.897058823529406,0.0,0.0,0.0,0.0,0.0,0.0,1.0,0.0,0.0,-0.3,0.0,-0.2,-77.2,156.2,0.04520681095429069,-0.08511957850164452,-0.3730219127612304,-0.021877773006990835,-0.16419941238874974,-0.16028346874091068,,,26.16263157894737,29.246499999999997,27.893571428571423,ARG,GLN,ARG,ARG,PRO,ARG,SER,LEU,GLU,THR,VAL,ARG,ARG,TRP,VAL,ARG,GLU,SER,ARG,ILE,PRO,PRO,PRO,VAL,LYS,ASP,GLY,ARG,GLU,TYR,LEU,PHE,HIS,GLU,SER,ALA,VAL,LYS,VAL,ASP,4.52,9.08,55.25,43.81,173.7,128.0,1,31.0,0.820534875215,,6.5
31,2og0,2og0_B.pdb,PRO,32,B,PHE,PRO,-0.48818364542158466,-0.8727409285365804,-0.5584847623489934,0.8295147799912841,0.2219036817664783,-0.9750685904173519,-0.9149441684691444,0.40358043632503526,0.5199333255564257,-0.854206846715616,-0.5850973345198675,0.8109630750766316,-0.9984128793919246,-0.05631804563660091,1,0.3821389200661945,0.924104888944238,1,0.9999127079162868,-0.013212741862249836,1,0.9491979974924827,0.31467945842755746,1,0.9361631878379275,-0.3515657630332187,1,0.8719590427462727,0.4895788269247393,1,2.0885651111602783,-0.9631118408054764,-0.8129108233364273,1,-1.994349729717674,3.930176258087158,-0.19509254903986983,-0.13605949696353098,1,-0.24765582035938985,0.0,0.0,0.0,0,0.0,2.514752149581909,-0.9230549909421651,-0.6488378372023,1,-1.230520402987611,0.0,0.0,0.0,0,0.0,0.8827619436101739,0.676187134763638,0.7232609510607722,-2,-3,-3,-3,-2,-3,-3,-3,-1,0,0,-3,0,6,-4,-2,-2,1,3,-1,-1,-2,-2,-1,-3,-1,-1,-2,-2,-3,-3,-1,-2,-4,7,-1,-1,-4,-3,-2,-1,-2,-2,-1,-3,-1,-1,-2,-2,-3,-3,-1,-2,-4,7,-1,-1,-4,-3,-2,4.73,0,61.5,30.9,171.4,0,6,15,0.30217863063703865,4,17,5,15,0.38938343053182434,7,13,8,17,0.6159467147649734,5,20,0.6598984771573604,150.45685279187816,0.0,0.0,1.0,0.0,0.0,0.0,0.0,0.0,-3.2,-2.5,-0.5,-0.0,-119.2,124.0,0.27205882352941174,41.897058823529406,0.0,0.0,0.0,0.0,0.0,0.0,1.0,0.0,0.0,-0.3,0.0,-0.2,-77.2,156.2,0.6617647058823529,101.91176470588235,0.0,0.0,0.0,0.0,0.0,0.0,0.0,1.0,0.0,-0.1,0.0,-0.0,-58.7,125.8,0.04508402699429557,0.1595308221448923,0.0982559064892241,0.11417914904365876,,0.5962150270989419,,,29.246499999999997,27.893571428571423,28.512142857142855,GLN,ARG,ARG,PRO,ARG,SER,LEU,GLU,THR,VAL,ARG,ARG,TRP,VAL,ARG,GLU,SER,ARG,ILE,PHE,PRO,PRO,VAL,LYS,ASP,GLY,ARG,GLU,TYR,LEU,PHE,HIS,GLU,SER,ALA,VAL,LYS,VAL,ASP,LEU,3.66,,61.49,32.51,,,1,32.0,0.79187713027,25.3,6.5
32,2og0,2og0_B.pdb,PRO,33,B,PRO,PRO,0.2219036817664783,-0.9750685904173519,-0.9149441684691444,0.40358043632503526,0.5199333255564257,-0.854206846715616,-0.5850973345198675,0.8109630750766316,0.5242190882058463,-0.8515834354663265,-0.8494678460432907,0.5276403875165094,0.9999127079162868,-0.013212741862249836,1,0.9491979974924827,0.31467945842755746,1,0.9361631878379275,-0.3515657630332187,1,0.8719590427462727,0.4895788269247393,1,0.8767359118825488,-0.48097207903939243,1,0.7560224488748066,0.6545456873262098,1,2.514752149581909,-0.9230549909421651,-0.6488378372023,1,-1.230520402987611,2.9425694942474365,-0.6033080217779673,-0.533309246023826,0,-0.5547034413658067,0.0,0.0,0.0,0,0.0,3.7437281608581543,-0.7596033676707615,-0.22858657536419913,1,-0.4353899075751747,0.0,0.0,0.0,0,0.0,0.676187134763638,0.7232609510607722,0.421998743306771,-1,-2,-2,-1,-3,-1,-1,-2,-2,-3,-3,-1,-2,-4,7,-1,-1,-4,-3,-2,-1,-2,-2,-1,-3,-1,-1,-2,-2,-3,-3,-1,-2,-4,7,-1,-1,-4,-3,-2,-1,-2,-2,-1,-3,-1,-1,-2,-2,-3,-3,-1,-2,-4,7,-1,-1,-4,-3,-2,4.73,0,61.5,30.9,171.4,0,5,15,0.38938343053182434,7,13,8,17,0.6159467147649734,5,20,21,9,0.5881078134938865,24,6,0.27205882352941174,41.897058823529406,0.0,0.0,0.0,0.0,0.0,0.0,1.0,0.0,0.0,-0.3,0.0,-0.2,-77.2,156.2,0.6617647058823529,101.91176470588235,0.0,0.0,0.0,0.0,0.0,0.0,0.0,1.0,0.0,-0.1,0.0,-0.0,-58.7,125.8,0.10294117647058823,15.852941176470587,0.0,0.0,0.0,0.0,0.0,0.0,0.0,1.0,0.0,-0.3,0.0,-0.2,-58.4,148.2,0.042220254793082466,0.04603977465816321,0.014084552983928534,0.02543291127869963,,0.19588484683991111,,,27.893571428571423,28.512142857142855,28.04500000000001,ARG,ARG,PRO,ARG,SER,LEU,GLU,THR,VAL,ARG,ARG,TRP,VAL,ARG,GLU,SER,ARG,ILE,PHE,PRO,PRO,VAL,LYS,ASP,GLY,ARG,GLU,TYR,LEU,PHE,HIS,GLU,SER,ALA,VAL,LYS,VAL,ASP,LEU,NONE,4.34,,61.09,31.11,,,1,33.0,0.753085345482,27.8,6.5
33,2og0,2og0_B.pdb,PRO,34,B,PRO,VAL,0.5199333255564257,-0.854206846715616,-0.5850973345198675,0.8109630750766316,0.5242190882058463,-0.8515834354663265,-0.8494678460432907,0.5276403875165094,-0.028848570562766494,-0.9995837933742648,-0.78171424130785,0.623636789274408,0.9361631878379275,-0.3515657630332187,1,0.8719590427462727,0.4895788269247393,1,0.8767359118825488,-0.48097207903939243,1,0.7560224488748066,0.6545456873262098,1,0.4251249023751713,-0.9051346957113626,1,0.0,0.0,0,3.7437281608581543,-0.7596033676707615,-0.22858657536419913,1,-0.4353899075751747,2.7788643836975098,-0.7981528121626997,-0.49169979824759885,1,-0.9149766243119701,0.0,0.0,0.0,0,0.0,3.655756950378418,-0.414262109970607,-0.4567690883696101,1,-0.48470755245000635,2.331784725189209,-0.8755269569422874,-0.8239600974681185,1,-1.547914337595976,0.7232609510607722,0.421998743306771,0.8348868569894301,-1,-2,-2,-1,-3,-1,-1,-2,-2,-3,-3,-1,-2,-4,7,-1,-1,-4,-3,-2,-1,-2,-2,-1,-3,-1,-1,-2,-2,-3,-3,-1,-2,-4,7,-1,-1,-4,-3,-2,0,-3,-3,-3,-1,-2,-2,-3,-3,3,1,-2,1,-1,-2,-2,0,-3,-1,4,4.74,0,63.3,32.1,177.3,0,8,17,0.6159467147649734,5,20,21,9,0.5881078134938865,24,6,3,18,0.48162929654261694,5,16,0.6617647058823529,101.91176470588235,0.0,0.0,0.0,0.0,0.0,0.0,0.0,1.0,0.0,-0.1,0.0,-0.0,-58.7,125.8,0.10294117647058823,15.852941176470587,0.0,0.0,0.0,0.0,0.0,0.0,0.0,1.0,0.0,-0.3,0.0,-0.2,-58.4,148.2,0.45774647887323944,75.52816901408451,0.0,0.0,1.0,0.0,0.0,0.0,0.0,0.0,-2.0,-2.4,-0.1,-1.0,-91.7,141.4,0.02640253943018869,0.11444434150077946,0.1612546127636844,0.07779260673622253,,0.31247637919237375,,,28.512142857142855,28.04500000000001,31.776875,ARG,PRO,ARG,SER,LEU,GLU,THR,VAL,ARG,ARG,TRP,VAL,ARG,GLU,SER,ARG,ILE,PHE,PRO,PRO,VAL,LYS,ASP,GLY,ARG,GLU,TYR,LEU,PHE,HIS,GLU,SER,ALA,VAL,LYS,VAL,ASP,LEU,NONE,NONE,4.52,,62.29,33.01,175.9,,1,34.0,0.724829638329,27.1,6.5
34,2og0,2og0_B.pdb,VAL,35,B,PRO,LYS,0.5242190882058463,-0.8515834354663265,-0.8494678460432907,0.5276403875165094,-0.028848570562766494,-0.9995837933742648,-0.78171424130785,0.623636789274408,-0.1308812137012213,-0.9913980572404282,-0.2642576891359761,0.9644521106475499,0.8767359118825488,-0.48097207903939243,1,0.7560224488748066,0.6545456873262098,1,0.4251249023751713,-0.9051346957113626,1,0.0,0.0,0,-0.9250663541113614,-0.3798055298321936,1,-0.8508225065562006,0.5254531970950639,1,3.655756950378418,-0.414262109970607,-0.4567690883696101,1,-0.48470755245000635,4.305987358093262,-0.3518979363219223,-0.11029300593459922,0,-0.07684360196191514,2.331784725189209,-0.8755269569422874,-0.8239600974681185,1,-1.547914337595976,2.0026731491088867,-0.9689631868898254,-0.9425314641883276,1,-2.278441005935538,0.0,0.0,0.0,0,0.0,0.421998743306771,0.8348868569894301,0.8450059762624694,-1,-2,-2,-1,-3,-1,-1,-2,-2,-3,-3,-1,-2,-4,7,-1,-1,-4,-3,-2,0,-3,-3,-3,-1,-2,-2,-3,-3,3,1,-2,1,-1,-2,-2,0,-3,-1,4,-1,2,0,-1,-3,1,1,-2,-1,-3,-2,5,-1,-3,-1,0,-1,-3,-2,-2,4.35,8.03,62.2,32.9,176.3,119.2,21,9,0.5881078134938865,24,6,3,18,0.48162929654261694,5,16,8,10,0.1634774208255825,6,12,0.10294117647058823,15.852941176470587,0.0,0.0,0.0,0.0,0.0,0.0,0.0,1.0,0.0,-0.3,0.0,-0.2,-58.4,148.2,0.45774647887323944,75.52816901408451,0.0,0.0,1.0,0.0,0.0,0.0,0.0,0.0,-2.0,-2.4,-0.1,-1.0,-91.7,141.4,0.6195121951219512,142.4878048780488,0.0,0.0,1.0,0.0,0.0,0.0,0.0,0.0,-0.3,-1.0,-0.2,-0.2,-97.5,105.3,-0.0033591208011663565,0.007911162947248624,0.014709636308492991,0.014044701362265564,0.1451622839538116,0.005979000574504444,,,28.04500000000001,31.776875,37.767272727272726,PRO,ARG,SER,LEU,GLU,THR,VAL,ARG,ARG,TRP,VAL,ARG,GLU,SER,ARG,ILE,PHE,PRO,PRO,PRO,LYS,ASP,GLY,ARG,GLU,TYR,LEU,PHE,HIS,GLU,SER,ALA,VAL,LYS,VAL,ASP,LEU,NONE,NONE,NONE,4.22,8.6,60.94,34.8,175.0,119.9,1,35.0,0.695474417208,,6.5
35,2og0,2og0_B.pdb,LYS,36,B,VAL,ASP,-0.028848570562766494,-0.9995837933742648,-0.78171424130785,0.623636789274408,-0.1308812137012213,-0.9913980572404282,-0.2642576891359761,0.9644521106475499,0.01929297698714231,-0.9998138731978936,-0.2911770876343761,0.9566691714677351,0.4251249023751713,-0.9051346957113626,1,0.0,0.0,0,-0.9250663541113614,-0.3798055298321936,1,-0.8508225065562006,0.5254531970950639,1,-0.9816479302710401,0.19070223122602192,1,-0.3535885494006947,-0.9354010571582184,1,2.0026731491088867,-0.9689631868898254,-0.9425314641883276,1,-2.278441005935538,2.7054014205932617,-0.4516470582773643,-0.8087028777976408,1,-0.7595063907797327,0.0,0.0,0.0,0,0.0,3.0285990238189697,-0.33288167638982663,-0.1333585651476555,1,-0.8357758817340621,2.297954559326172,-0.9759568856173791,-0.6724342638856692,1,-1.4805941128586129,0.8348868569894301,0.8450059762624694,0.8369702956987219,0,-3,-3,-3,-1,-2,-2,-3,-3,3,1,-2,1,-1,-2,-2,0,-3,-1,4,-1,2,0,-1,-3,1,1,-2,-1,-3,-2,5,-1,-3,-1,0,-1,-3,-2,-2,-2,-2,1,6,-3,0,2,-1,-1,-3,-4,-1,-3,-3,-1,0,-1,-4,-3,-3,4.17,8.29,56.2,33.1,176.6,120.4,3,18,0.48162929654261694,5,16,8,10,0.1634774208255825,6,12,5,8,0.48012180124565096,7,6,0.45774647887323944,75.52816901408451,0.0,0.0,1.0,0.0,0.0,0.0,0.0,0.0,-2.0,-2.4,-0.1,-1.0,-91.7,141.4,0.6195121951219512,142.4878048780488,0.0,0.0,1.0,0.0,0.0,0.0,0.0,0.0,-0.3,-1.0,-0.2,-0.2,-97.5,105.3,0.5828220858895705,108.98773006134968,0.0,0.0,1.0,0.0,0.0,0.0,0.0,0.0,-2.2,-2.3,-1.0,-0.3,-88.9,106.9,0.019473808622554847,0.032001889509800194,0.048301639329045146,0.00029254278030852506,-0.003548622104406997,0.13594679257227907,,,31.776875,37.767272727272726,36.89750000000001,ARG,SER,LEU,GLU,THR,VAL,ARG,ARG,TRP,VAL,ARG,GLU,SER,ARG,ILE,PHE,PRO,PRO,PRO,VAL,ASP,GLY,ARG,GLU,TYR,LEU,PHE,HIS,GLU,SER,ALA,VAL,LYS,VAL,ASP,LEU,NONE,NONE,NONE,NONE,4.33,8.52,56.09,33.91,175.8,126.4,1,36.0,0.688450595763,24.8,6.5
36,2og0,2og0_B.pdb,ASP,37,B,LYS,GLY,-0.1308812137012213,-0.9913980572404282,-0.2642576891359761,0.9644521106475499,0.01929297698714231,-0.9998138731978936,-0.2911770876343761,0.9566691714677351,0.5347959950504905,0.8449812090679625,-0.30968008354364573,-0.9508408099447565,-0.9250663541113614,-0.3798055298321936,1,-0.8508225065562006,0.5254531970950639,1,-0.9816479302710401,0.19070223122602192,1,-0.3535885494006947,-0.9354010571582184,1,0.0,0.0,0,0.0,0.0,0,3.0285990238189697,-0.33288167638982663,-0.1333585651476555,1,-0.8357758817340621,0.0,0.0,0.0,0,0.0,2.297954559326172,-0.9759568856173791,-0.6724342638856692,1,-1.4805941128586129,2.2005207538604736,-0.9495985059286086,-0.7782740247826673,1,-1.851761603852437,3.0285990238189697,-0.1333585651476555,-0.33288167638982663,1,-0.8357758817340621,0.8450059762624694,0.8369702956987219,0.8241615984357966,-1,2,0,-1,-3,1,1,-2,-1,-3,-2,5,-1,-3,-1,0,-1,-3,-2,-2,-2,-2,1,6,-3,0,2,-1,-1,-3,-4,-1,-3,-3,-1,0,-1,-4,-3,-3,0,-2,0,-1,-3,-2,-2,6,-2,-4,-4,-2,-3,-3,-2,0,-2,-2,-3,-3,4.71,8.34,54.2,41.1,176.3,120.4,8,10,0.1634774208255825,6,12,5,8,0.48012180124565096,7,6,0,7,1.3853835810312416,0,7,0.6195121951219512,142.4878048780488,0.0,0.0,1.0,0.0,0.0,0.0,0.0,0.0,-0.3,-1.0,-0.2,-0.2,-97.5,105.3,0.5828220858895705,108.98773006134968,0.0,0.0,1.0,0.0,0.0,0.0,0.0,0.0,-2.2,-2.3,-1.0,-0.3,-88.9,106.9,0.8214285714285714,79.67857142857143,0.0,0.0,0.0,0.0,0.0,1.0,0.0,0.0,-1.0,-0.0,-0.3,-0.0,57.7,-108.0,0.016487814891856686,0.027464170456416415,0.020966129774969464,0.020911161998022457,0.15162862753020973,0.08284667875159603,,,37.767272727272726,36.89750000000001,30.0,SER,LEU,GLU,THR,VAL,ARG,ARG,TRP,VAL,ARG,GLU,SER,ARG,ILE,PHE,PRO,PRO,PRO,VAL,LYS,GLY,ARG,GLU,TYR,LEU,PHE,HIS,GLU,SER,ALA,VAL,LYS,VAL,ASP,LEU,NONE,NONE,NONE,NONE,NONE,4.68,8.48,52.95,42.11,175.9,127.6,1,37.0,0.698339090441,,6.5
37,2og0,2og0_B.pdb,GLY,38,B,ASP,ARG,0.01929297698714231,-0.9998138731978936,-0.2911770876343761,0.9566691714677351,0.5347959950504905,0.8449812090679625,-0.30968008354364573,-0.9508408099447565,-0.1285534125717669,-0.9917025865228714,0.9796234530065465,-0.20084294938964262,-0.9816479302710401,0.19070223122602192,1,-0.3535885494006947,-0.9354010571582184,1,0.0,0.0,0,0.0,0.0,0,0.26207537259564967,0.9650474076846439,1,-0.9999906381894063,-0.004327069856610726,1,2.2005207538604736,-0.9495985059286086,-0.7782740247826673,1,-1.851761603852437,0.0,0.0,0.0,0,0.0,3.0285990238189697,-0.1333585651476555,-0.33288167638982663,1,-0.8357758817340621,2.707775115966797,-0.9646979308922464,-0.6193538061702275,1,-1.157827570049741,2.8488271236419678,-0.36487198959629025,-0.013523600589597371,1,-0.47704614498243314,0.8369702956987219,0.8241615984357966,0.7561498202256349,-2,-2,1,6,-3,0,2,-1,-1,-3,-4,-1,-3,-3,-1,0,-1,-4,-3,-3,0,-2,0,-1,-3,-2,-2,6,-2,-4,-4,-2,-3,-3,-2,0,-2,-2,-3,-3,-1,5,0,-2,-3,1,0,-2,0,-3,-2,2,-1,-3,-2,-1,-1,-3,-2,-3,4.62,8.33,45.1,0,174.9,108.8,5,8,0.48012180124565096,7,6,0,7,1.3853835810312416,0,7,0,9,0.7223458744133314,0,9,0.5828220858895705,108.98773006134968,0.0,0.0,1.0,0.0,0.0,0.0,0.0,0.0,-2.2,-2.3,-1.0,-0.3,-88.9,106.9,0.8214285714285714,79.67857142857143,0.0,0.0,0.0,0.0,0.0,1.0,0.0,0.0,-1.0,-0.0,-0.3,-0.0,57.7,-108.0,0.967741935483871,256.4516129032258,0.0,0.0,0.0,0.0,0.0,1.0,0.0,0.0,-0.3,-0.3,-0.0,-0.3,-97.4,-11.6,0.016245036183204453,0.018815036571104685,,0.014131307756337735,0.09145096925450835,,0.056375195971170564,0.054614059148237665,36.89750000000001,30.0,24.324166666666674,LEU,GLU,THR,VAL,ARG,ARG,TRP,VAL,ARG,GLU,SER,ARG,ILE,PHE,PRO,PRO,PRO,VAL,LYS,ASP,ARG,GLU,TYR,LEU,PHE,HIS,GLU,SER,ALA,VAL,LYS,VAL,ASP,LEU,NONE,NONE,NONE,NONE,NONE,NONE,3.795,8.59,46.3,,175.9,114.4,1,38.0,0.728433288895,,6.5
38,2og0,2og0_B.pdb,ARG,39,B,GLY,GLU,0.5347959950504905,0.8449812090679625,-0.30968008354364573,-0.9508408099447565,-0.1285534125717669,-0.9917025865228714,0.9796234530065465,-0.20084294938964262,-0.5998870511747925,-0.8000846991617899,-0.8783099730868977,0.4780916137897558,0.0,0.0,0,0.0,0.0,0,0.26207537259564967,0.9650474076846439,1,-0.9999906381894063,-0.004327069856610726,1,-0.26920793891363487,0.9630820762665416,1,-0.054190644539609104,-0.9985306074649799,1,2.707775115966797,-0.9646979308922464,-0.6193538061702275,1,-1.157827570049741,0.0,0.0,0.0,0,0.0,2.8488271236419678,-0.36487198959629025,-0.013523600589597371,1,-0.47704614498243314,3.530277729034424,-0.805387674000087,-0.17561663609820638,1,-0.4884446125124094,2.2005207538604736,-0.7782740247826673,-0.9495985059286086,1,-1.851761603852437,0.8241615984357966,0.7561498202256349,0.7802535571337571,0,-2,0,-1,-3,-2,-2,6,-2,-4,-4,-2,-3,-3,-2,0,-2,-2,-3,-3,-1,5,0,-2,-3,1,0,-2,0,-3,-2,2,-1,-3,-2,-1,-1,-3,-2,-3,-1,0,0,2,-4,2,5,-2,0,-3,-3,1,-2,-3,-1,0,-1,-3,-2,-2,4.34,8.23,56.0,30.9,176.3,120.5,0,7,1.3853835810312416,0,7,0,9,0.7223458744133314,0,9,5,10,0.2667945183888269,7,8,0.8214285714285714,79.67857142857143,0.0,0.0,0.0,0.0,0.0,1.0,0.0,0.0,-1.0,-0.0,-0.3,-0.0,57.7,-108.0,0.967741935483871,256.4516129032258,0.0,0.0,0.0,0.0,0.0,1.0,0.0,0.0,-0.3,-0.3,-0.0,-0.3,-97.4,-11.6,0.3917525773195876,83.83505154639175,0.0,0.0,1.0,0.0,0.0,0.0,0.0,0.0,-2.3,-2.2,-0.0,-0.2,-126.9,151.4,0.022123774553134735,0.025243762442270716,0.010994414789143132,0.01501681915660502,0.08856322166551699,0.09661982192018023,,,30.0,24.324166666666674,30.308666666666664,GLU,THR,VAL,ARG,ARG,TRP,VAL,ARG,GLU,SER,ARG,ILE,PHE,PRO,PRO,PRO,VAL,LYS,ASP,GLY,GLU,TYR,LEU,PHE,HIS,GLU,SER,ALA,VAL,LYS,VAL,ASP,LEU,NONE,NONE,NONE,NONE,NONE,NONE,NONE,4.26,8.95,56.29,31.21,175.8,125.8,1,39.0,0.743947446607,27.2,6.5
39,2og0,2og0_B.pdb,GLU,40,B,ARG,TYR,-0.1285534125717669,-0.9917025865228714,0.9796234530065465,-0.20084294938964262,-0.5998870511747925,-0.8000846991617899,-0.8783099730868977,0.4780916137897558,0.2128853026386507,-0.977077196500077,-0.7554896467957386,0.6551605861042392,0.26207537259564967,0.9650474076846439,1,-0.9999906381894063,-0.004327069856610726,1,-0.26920793891363487,0.9630820762665416,1,-0.054190644539609104,-0.9985306074649799,1,0.2067833107812839,-0.9783867652326104,1,0.45888020796202755,-0.8884981456034258,1,3.530277729034424,-0.805387674000087,-0.17561663609820638,1,-0.4884446125124094,0.0,0.0,0.0,0,0.0,2.2005207538604736,-0.7782740247826673,-0.9495985059286086,1,-1.851761603852437,2.297954559326172,-0.6724342638856692,-0.9759568856173791,1,-1.4805941128586129,4.324479579925537,-0.05323041318926013,-0.06120902983899733,1,-0.3058441682628635,0.7561498202256349,0.7802535571337571,0.8479842658335984,-1,5,0,-2,-3,1,0,-2,0,-3,-2,2,-1,-3,-2,-1,-1,-3,-2,-3,-1,0,0,2,-4,2,5,-2,0,-3,-3,1,-2,-3,-1,0,-1,-3,-2,-2,-2,-2,-2,-3,-2,-1,-2,-3,2,-1,-1,-2,-1,3,-3,-2,-2,2,7,-1,4.64,8.42,56.6,29.9,176.6,120.2,0,9,0.7223458744133314,0,9,5,10,0.2667945183888269,7,8,14,12,0.5038006476339151,16,10,0.967741935483871,256.4516129032258,0.0,0.0,0.0,0.0,0.0,1.0,0.0,0.0,-0.3,-0.3,-0.0,-0.3,-97.4,-11.6,0.3917525773195876,83.83505154639175,0.0,0.0,1.0,0.0,0.0,0.0,0.0,0.0,-2.3,-2.2,-0.0,-0.2,-126.9,151.4,0.21621621621621623,55.13513513513514,0.0,0.0,1.0,0.0,0.0,0.0,0.0,0.0,-0.3,-0.6,-0.2,-0.5,-77.7,139.1,0.018889509785547078,0.02671468953950274,0.0051255395904899696,0.02099798708372835,0.13132116610047895,0.11274598878397928,,,24.324166666666674,30.308666666666664,27.06619047619048,THR,VAL,ARG,ARG,TRP,VAL,ARG,GLU,SER,ARG,ILE,PHE,PRO,PRO,PRO,VAL,LYS,ASP,GLY,ARG,TYR,LEU,PHE,HIS,GLU,SER,ALA,VAL,LYS,VAL,ASP,LEU,NONE,NONE,NONE,NONE,NONE,NONE,NONE,NONE,4.63,7.82,54.59,32.67,174.9,119.6,1,40.0,0.785169643368,35.9,6.5
40,2og0,2og0_B.pdb,TYR,41,B,GLU,LEU,-0.5998870511747925,-0.8000846991617899,-0.8783099730868977,0.4780916137897558,0.2128853026386507,-0.977077196500077,-0.7554896467957386,0.6551605861042392,-0.38340237127160676,-0.9235814104361938,-0.5150553055226116,0.8571569472698738,-0.26920793891363487,0.9630820762665416,1,-0.054190644539609104,-0.9985306074649799,1,0.2067833107812839,-0.9783867652326104,1,0.45888020796202755,-0.8884981456034258,1,0.4831580598453329,-0.8755331456926652,1,-0.9996983102992495,0.024561929582699406,1,2.297954559326172,-0.6724342638856692,-0.9759568856173791,1,-1.4805941128586129,2.4868435859680176,-0.7061718986855244,-0.8089176281034599,1,-1.1544163850980529,4.324479579925537,-0.05323041318926013,-0.06120902983899733,1,-0.3058441682628635,2.6049680709838867,-0.8213222754810261,-0.20197916225088375,1,-0.5161184567113443,2.0026731491088867,-0.9425314641883276,-0.9689631868898254,1,-2.278441005935538,0.7802535571337571,0.8479842658335984,0.8847114014576013,-1,0,0,2,-4,2,5,-2,0,-3,-3,1,-2,-3,-1,0,-1,-3,-2,-2,-2,-2,-2,-3,-2,-1,-2,-3,2,-1,-1,-2,-1,3,-3,-2,-2,2,7,-1,-1,-2,-3,-4,-1,-2,-3,-4,-3,2,4,-2,2,0,-3,-2,-1,-2,-1,1,4.66,8.12,57.9,38.8,175.9,120.3,5,10,0.2667945183888269,7,8,14,12,0.5038006476339151,16,10,6,21,0.3116418519370506,7,20,0.3917525773195876,83.83505154639175,0.0,0.0,1.0,0.0,0.0,0.0,0.0,0.0,-2.3,-2.2,-0.0,-0.2,-126.9,151.4,0.21621621621621623,55.13513513513514,0.0,0.0,1.0,0.0,0.0,0.0,0.0,0.0,-0.3,-0.6,-0.2,-0.5,-77.7,139.1,0.18292682926829268,34.9390243902439,0.0,0.0,1.0,0.0,0.0,0.0,0.0,0.0,-2.4,-2.0,-0.2,-0.4,-112.5,121.0,-0.03831231071440531,-0.10058905721043782,-0.3376482917775847,-0.0034570875733777834,-0.08070808475974117,-0.19968162107727186,,,30.308666666666664,27.06619047619048,25.525263157894738,VAL,ARG,ARG,TRP,VAL,ARG,GLU,SER,ARG,ILE,PHE,PRO,PRO,PRO,VAL,LYS,ASP,GLY,ARG,GLU,LEU,PHE,HIS,GLU,SER,ALA,VAL,LYS,VAL,ASP,LEU,NONE,NONE,NONE,NONE,NONE,NONE,NONE,NONE,NONE,5.01,8.56,57.95,42.11,175.0,119.8,1,41.0,0.817066119998,,6.5
41,2og0,2og0_B.pdb,LEU,42,B,TYR,PHE,0.2128853026386507,-0.977077196500077,-0.7554896467957386,0.6551605861042392,-0.38340237127160676,-0.9235814104361938,-0.5150553055226116,0.8571569472698738,-0.06950071711549514,-0.9975819015601837,-0.7181796234580696,0.6958577645249245,0.2067833107812839,-0.9783867652326104,1,0.45888020796202755,-0.8884981456034258,1,0.4831580598453329,-0.8755331456926652,1,-0.9996983102992495,0.024561929582699406,1,0.18929496902999576,-0.981920269013698,1,0.3852137738857025,0.9228273665256871,1,2.6049680709838867,-0.8213222754810261,-0.20197916225088375,1,-0.5161184567113443,2.5642142295837402,-0.848392818494886,-0.8057650352997031,1,-1.190001316801811,2.0026731491088867,-0.9425314641883276,-0.9689631868898254,1,-2.278441005935538,2.331784725189209,-0.8239600974681185,-0.8755269569422874,1,-1.547914337595976,1.9058606624603271,-0.9266489228470443,-0.9423782341253613,1,-2.518738378483112,0.8479842658335984,0.8847114014576013,0.8906157466205675,-2,-2,-2,-3,-2,-1,-2,-3,2,-1,-1,-2,-1,3,-3,-2,-2,2,7,-1,-1,-2,-3,-4,-1,-2,-3,-4,-3,2,4,-2,2,0,-3,-2,-1,-2,-1,1,-2,-3,-3,-3,-2,-3,-3,-3,-1,0,0,-3,0,6,-4,-2,-2,1,3,-1,4.32,8.16,55.1,42.4,177.6,121.8,14,12,0.5038006476339151,16,10,6,21,0.3116418519370506,7,20,20,10,0.597169888079517,18,12,0.21621621621621623,55.13513513513514,0.0,0.0,1.0,0.0,0.0,0.0,0.0,0.0,-0.3,-0.6,-0.2,-0.5,-77.7,139.1,0.18292682926829268,34.9390243902439,0.0,0.0,1.0,0.0,0.0,0.0,0.0,0.0,-2.4,-2.0,-0.2,-0.4,-112.5,121.0,0.0,0.0,0.0,0.0,1.0,0.0,0.0,0.0,0.0,0.0,-3.2,-3.1,-0.5,-0.1,-94.0,135.9,-0.00907759115447791,0.00012421627829715,0.0739627460138641,-0.013984062660186555,-0.025084697044162788,-0.11558489573264465,,,27.06619047619048,25.525263157894738,26.2125,ARG,ARG,TRP,VAL,ARG,GLU,SER,ARG,ILE,PHE,PRO,PRO,PRO,VAL,LYS,ASP,GLY,ARG,GLU,TYR,PHE,HIS,GLU,SER,ALA,VAL,LYS,VAL,ASP,LEU,NONE,NONE,NONE,NONE,NONE,NONE,NONE,NONE,NONE,NONE,5.18,9.14,53.22,44.36,175.9,121.8,1,42.0,0.870490733978,26.8,6.5
42,2og0,2og0_B.pdb,PHE,43,B,LEU,HIS,-0.38340237127160676,-0.9235814104361938,-0.5150553055226116,0.8571569472698738,-0.06950071711549514,-0.9975819015601837,-0.7181796234580696,0.6958577645249245,0.43288534447789506,-0.9014489883161743,-0.7768229797845123,0.6297190310596553,0.4831580598453329,-0.8755331456926652,1,-0.9996983102992495,0.024561929582699406,1,0.18929496902999576,-0.981920269013698,1,0.3852137738857025,0.9228273665256871,1,0.22869965335175277,-0.9734970305844739,1,0.13759213901498352,-0.9904889718120446,1,2.331784725189209,-0.8239600974681185,-0.8755269569422874,1,-1.547914337595976,0.0,0.0,0.0,0,0.0,1.9058606624603271,-0.9266489228470443,-0.9423782341253613,1,-2.518738378483112,1.9128278493881226,-0.9730275604459357,-0.9139916210483267,1,-2.5526902598170294,4.006313800811768,-0.10599750078438727,-0.05097357407590696,1,-0.3542590324202708,0.8847114014576013,0.8906157466205675,0.8738810234491768,-1,-2,-3,-4,-1,-2,-3,-4,-3,2,4,-2,2,0,-3,-2,-1,-2,-1,1,-2,-3,-3,-3,-2,-3,-3,-3,-1,0,0,-3,0,6,-4,-2,-2,1,3,-1,-2,0,1,-1,-3,0,0,-2,8,-3,-3,-1,-2,-1,-2,-1,-2,-2,2,-3,4.35,8.3,57.7,39.6,175.8,120.3,6,21,0.3116418519370506,7,20,20,10,0.597169888079517,18,12,5,18,0.5088571063475212,8,15,0.18292682926829268,34.9390243902439,0.0,0.0,1.0,0.0,0.0,0.0,0.0,0.0,-2.4,-2.0,-0.2,-0.4,-112.5,121.0,0.0,0.0,0.0,0.0,1.0,0.0,0.0,0.0,0.0,0.0,-3.2,-3.1,-0.5,-0.1,-94.0,135.9,0.43478260869565216,93.91304347826086,0.0,0.0,0.0,0.0,0.0,0.0,0.0,1.0,-0.4,-2.0,-0.3,-0.1,-64.3,141.0,-0.05830827712223303,-0.1080569555575062,-0.35523541816322646,-0.06100210099226888,-0.5822890408355188,0.062381385611138776,,,25.525263157894738,26.2125,31.15625,ARG,TRP,VAL,ARG,GLU,SER,ARG,ILE,PHE,PRO,PRO,PRO,VAL,LYS,ASP,GLY,ARG,GLU,TYR,LEU,HIS,GLU,SER,ALA,VAL,LYS,VAL,ASP,LEU,NONE,NONE,NONE,NONE,NONE,NONE,NONE,NONE,NONE,NONE,NONE,4.6,10.04,55.65,41.01,175.9,123.5,1,43.0,0.882916484597,,6.5
43,2og0,2og0_B.pdb,HIS,44,B,PHE,GLU,-0.06950071711549514,-0.9975819015601837,-0.7181796234580696,0.6958577645249245,0.43288534447789506,-0.9014489883161743,-0.7768229797845123,0.6297190310596553,0.6002057102734542,-0.7998456759620186,0.8353804840350687,-0.5496721267204062,0.18929496902999576,-0.981920269013698,1,0.3852137738857025,0.9228273665256871,1,0.22869965335175277,-0.9734970305844739,1,0.13759213901498352,-0.9904889718120446,1,-0.8713986432780669,-0.49057558489303577,1,-0.9995097451559886,0.03130925323623669,1,1.9128278493881226,-0.9730275604459357,-0.9139916210483267,1,-2.5526902598170294,4.499649524688721,-0.17612045817340857,-0.5984157270659167,1,0.02628362367610566,4.006313800811768,-0.10599750078438727,-0.05097357407590696,1,-0.3542590324202708,2.1065449714660645,-0.9849840678638497,-0.42118271595028517,1,-1.6473479067721983,3.2388412952423096,-0.520894550308639,-0.5447383902635387,1,-0.2525111239127537,0.8906157466205675,0.8738810234491768,0.872840369091977,-2,-3,-3,-3,-2,-3,-3,-3,-1,0,0,-3,0,6,-4,-2,-2,1,3,-1,-2,0,1,-1,-3,0,0,-2,8,-3,-3,-1,-2,-1,-2,-1,-2,-2,2,-3,-1,0,0,2,-4,2,5,-2,0,-3,-3,1,-2,-3,-1,0,-1,-3,-2,-2,3.96,8.42,55.0,29,174.1,118.2,20,10,0.597169888079517,18,12,5,18,0.5088571063475212,8,15,11,11,0.9051700045342282,2,20,0.0,0.0,0.0,0.0,1.0,0.0,0.0,0.0,0.0,0.0,-3.2,-3.1,-0.5,-0.1,-94.0,135.9,0.43478260869565216,93.91304347826086,0.0,0.0,0.0,0.0,0.0,0.0,0.0,1.0,-0.4,-2.0,-0.3,-0.1,-64.3,141.0,0.5515463917525774,118.03092783505156,0.0,0.0,0.0,0.0,0.0,1.0,0.0,0.0,-0.3,-0.2,-0.2,-0.1,-53.1,-33.3,-0.0346059320150047,-0.04401465054157787,-0.11956877929171453,-0.02968418745886132,-0.1080090052734539,-0.003676457171352409,,,26.2125,31.15625,30.614666666666665,TRP,VAL,ARG,GLU,SER,ARG,ILE,PHE,PRO,PRO,PRO,VAL,LYS,ASP,GLY,ARG,GLU,TYR,LEU,PHE,GLU,SER,ALA,VAL,LYS,VAL,ASP,LEU,NONE,NONE,NONE,NONE,NONE,NONE,NONE,NONE,NONE,NONE,NONE,NONE,4.02,9.07,58.55,31.51,177.6,124.4,1,44.0,0.887288814822,,6.5
44,2og0,2og0_B.pdb,GLU,45,B,HIS,SER,0.43288534447789506,-0.9014489883161743,-0.7768229797845123,0.6297190310596553,0.6002057102734542,-0.7998456759620186,0.8353804840350687,-0.5496721267204062,-0.06078808181963921,-0.998150694589093,0.9805320928950496,0.1963588928540131,0.22869965335175277,-0.9734970305844739,1,0.13759213901498352,-0.9904889718120446,1,-0.8713986432780669,-0.49057558489303577,1,-0.9995097451559886,0.03130925323623669,1,0.5155030382747007,0.8568877508341174,1,0.0,0.0,0,2.1065449714660645,-0.9849840678638497,-0.42118271595028517,1,-1.6473479067721983,4.062784671783447,-0.37988003645092633,-0.1514432453506558,1,-0.19498066856150903,3.2388412952423096,-0.520894550308639,-0.5447383902635387,1,-0.2525111239127537,3.896658182144165,-0.515424005341434,-0.13915514520593503,1,-0.2300058020756478,0.0,0.0,0.0,0,0.0,0.8738810234491768,0.872840369091977,0.7841236717514555,-2,0,1,-1,-3,0,0,-2,8,-3,-3,-1,-2,-1,-2,-1,-2,-2,2,-3,-1,0,0,2,-4,2,5,-2,0,-3,-3,1,-2,-3,-1,0,-1,-3,-2,-2,1,-1,1,0,-1,0,0,0,-1,-2,-2,0,-1,-2,-1,4,1,-3,-2,-2,4.64,8.42,56.6,29.9,176.6,120.2,5,18,0.5088571063475212,8,15,11,11,0.9051700045342282,2,20,0,18,0.6449558368583043,0,18,0.43478260869565216,93.91304347826086,0.0,0.0,0.0,0.0,0.0,0.0,0.0,1.0,-0.4,-2.0,-0.3,-0.1,-64.3,141.0,0.5515463917525774,118.03092783505156,0.0,0.0,0.0,0.0,0.0,1.0,0.0,0.0,-0.3,-0.2,-0.2,-0.1,-53.1,-33.3,0.7538461538461538,107.8,0.0,0.0,0.0,0.0,0.0,1.0,0.0,0.0,-0.0,-0.3,0.0,-0.1,-93.5,11.3,-0.03088994875627233,-0.04176395341316599,-0.014487403997944742,-0.02434429720087611,-0.091726176607012,-0.1906427048803963,,,31.15625,30.614666666666665,28.907272727272723,VAL,ARG,GLU,SER,ARG,ILE,PHE,PRO,PRO,PRO,VAL,LYS,ASP,GLY,ARG,GLU,TYR,LEU,PHE,HIS,SER,ALA,VAL,LYS,VAL,ASP,LEU,NONE,NONE,NONE,NONE,NONE,NONE,NONE,NONE,NONE,NONE,NONE,NONE,NONE,4.09,8.32,59.59,29.37,177.2,124.8,1,45.0,0.852146438841,35.4,6.5
45,2og0,2og0_B.pdb,SER,46,B,GLU,ALA,0.6002057102734542,-0.7998456759620186,0.8353804840350687,-0.5496721267204062,-0.06078808181963921,-0.998150694589093,0.9805320928950496,0.1963588928540131,0.44437986821236714,-0.8958384523604461,-0.7515663903748636,0.6596574572146503,-0.8713986432780669,-0.49057558489303577,1,-0.9995097451559886,0.03130925323623669,1,0.5155030382747007,0.8568877508341174,1,0.0,0.0,0,0.0,0.0,0,0.0,0.0,0,3.896658182144165,-0.515424005341434,-0.13915514520593503,1,-0.2300058020756478,0.0,0.0,0.0,0,0.0,0.0,0.0,0.0,0,0.0,2.498929262161255,-0.9627846974804679,-0.7763073850651521,1,-1.4683339477639885,2.1065449714660645,-0.42118271595028517,-0.9849840678638497,1,-1.6473479067721983,0.872840369091977,0.7841236717514555,0.8651335834130979,-1,0,0,2,-4,2,5,-2,0,-3,-3,1,-2,-3,-1,0,-1,-3,-2,-2,1,-1,1,0,-1,0,0,0,-1,-2,-2,0,-1,-2,-1,4,1,-3,-2,-2,4,-1,-2,-2,0,-1,-1,0,-2,-1,-1,-1,-1,-2,-1,1,0,-3,-2,0,4.3,8.31,58.3,63.8,174.6,115.7,11,11,0.9051700045342282,2,20,0,18,0.6449558368583043,0,18,21,6,0.4376711897143258,23,4,0.5515463917525774,118.03092783505156,0.0,0.0,0.0,0.0,0.0,1.0,0.0,0.0,-0.3,-0.2,-0.2,-0.1,-53.1,-33.3,0.7538461538461538,107.8,0.0,0.0,0.0,0.0,0.0,1.0,0.0,0.0,-0.0,-0.3,0.0,-0.1,-93.5,11.3,0.04716981132075472,5.707547169811321,0.0,0.0,0.0,0.0,0.0,0.0,0.0,1.0,-2.0,-0.3,-0.1,-0.0,-63.6,138.7,-0.024516624100868065,-0.028822672461565634,-0.008063742920907103,-0.022074237634141073,-0.11896916910647513,-0.11011992429147856,,,30.614666666666665,28.907272727272723,28.490000000000002,ARG,GLU,SER,ARG,ILE,PHE,PRO,PRO,PRO,VAL,LYS,ASP,GLY,ARG,GLU,TYR,LEU,PHE,HIS,GLU,ALA,VAL,LYS,VAL,ASP,LEU,NONE,NONE,NONE,NONE,NONE,NONE,NONE,NONE,NONE,NONE,NONE,NONE,NONE,NONE,4.67,9.62,58.05,64.11,175.0,115.7,1,46.0,0.842460784663,,6.5
46,2og0,2og0_B.pdb,ALA,47,B,SER,VAL,-0.06078808181963921,-0.998150694589093,0.9805320928950496,0.1963588928540131,0.44437986821236714,-0.8958384523604461,-0.7515663903748636,0.6596574572146503,-0.5952884011397332,-0.8035121153215427,-0.9382748950616923,0.3458904758691258,0.5155030382747007,0.8568877508341174,1,0.0,0.0,0,0.0,0.0,0,0.0,0.0,0,0.5069925481601938,-0.861950437154036,1,0.0,0.0,0,2.498929262161255,-0.9627846974804679,-0.7763073850651521,1,-1.4683339477639885,2.4757914543151855,-0.543973645899626,-0.7957613342741482,1,-1.163390776393303,2.1065449714660645,-0.42118271595028517,-0.9849840678638497,1,-1.6473479067721983,1.9774906635284424,-0.9648896619103471,-0.566575132241385,1,-2.2026831569626837,2.0885651111602783,-0.8129108233364273,-0.9631118408054764,1,-1.994349729717674,0.7841236717514555,0.8651335834130979,0.8739018099848221,1,-1,1,0,-1,0,0,0,-1,-2,-2,0,-1,-2,-1,4,1,-3,-2,-2,4,-1,-2,-2,0,-1,-1,0,-2,-1,-1,-1,-1,-2,-1,1,0,-3,-2,0,0,-3,-3,-3,-1,-2,-2,-3,-3,3,1,-2,1,-1,-2,-2,0,-3,-1,4,4.32,8.24,52.5,19.1,177.8,123.8,0,18,0.6449558368583043,0,18,21,6,0.4376711897143258,23,4,4,19,0.5100169115568307,2,21,0.7538461538461538,107.8,0.0,0.0,0.0,0.0,0.0,1.0,0.0,0.0,-0.0,-0.3,0.0,-0.1,-93.5,11.3,0.04716981132075472,5.707547169811321,0.0,0.0,0.0,0.0,0.0,0.0,0.0,1.0,-2.0,-0.3,-0.1,-0.0,-63.6,138.7,0.528169014084507,87.14788732394365,0.0,0.0,1.0,0.0,0.0,0.0,0.0,0.0,-2.5,-3.2,-0.0,-0.4,-126.5,159.8,-0.06392633360068353,-0.04357773363176576,-0.004318353407552684,-0.034065942051634955,-0.27722171849303595,-0.0463297711407675,,,28.907272727272723,28.490000000000002,27.994375,GLU,SER,ARG,ILE,PHE,PRO,PRO,PRO,VAL,LYS,ASP,GLY,ARG,GLU,TYR,LEU,PHE,HIS,GLU,SER,VAL,LYS,VAL,ASP,LEU,NONE,NONE,NONE,NONE,NONE,NONE,NONE,NONE,NONE,NONE,NONE,NONE,NONE,NONE,NONE,4.92,8.31,53.08,19.0,178.5,124.8,1,47.0,0.840760712349,,6.5
47,2og0,2og0_B.pdb,VAL,48,B,ALA,LYS,0.44437986821236714,-0.8958384523604461,-0.7515663903748636,0.6596574572146503,-0.5952884011397332,-0.8035121153215427,-0.9382748950616923,0.3458904758691258,-0.04624271435429829,-0.9989302334843744,-0.6972702823219179,0.7168083100736995,0.0,0.0,0,0.0,0.0,0,0.5069925481601938,-0.861950437154036,1,0.0,0.0,0,-0.9992966963981925,0.037498167524009175,1,-0.9824929905150809,0.18629955337770743,1,1.9774906635284424,-0.9648896619103471,-0.566575132241385,1,-2.2026831569626837,4.518537998199463,-0.9691364749490888,-0.9918612982803459,0,-0.7909900180588425,2.0885651111602783,-0.8129108233364273,-0.9631118408054764,1,-1.994349729717674,1.9594300985336304,-0.9505829204919718,-0.9589182058250141,1,-2.392095602460757,4.933065414428711,-0.6403463685062076,-0.7146532428589631,1,-0.23878827894656776,0.8651335834130979,0.8739018099848221,0.8410602310156524,4,-1,-2,-2,0,-1,-1,0,-2,-1,-1,-1,-1,-2,-1,1,0,-3,-2,0,0,-3,-3,-3,-1,-2,-2,-3,-3,3,1,-2,1,-1,-2,-2,0,-3,-1,4,-1,2,0,-1,-3,1,1,-2,-1,-3,-2,5,-1,-3,-1,0,-1,-3,-2,-2,4.35,8.03,62.2,32.9,176.3,119.2,21,6,0.4376711897143258,23,4,4,19,0.5100169115568307,2,21,17,11,0.4940786436905497,11,17,0.04716981132075472,5.707547169811321,0.0,0.0,0.0,0.0,0.0,0.0,0.0,1.0,-2.0,-0.3,-0.1,-0.0,-63.6,138.7,0.528169014084507,87.14788732394365,0.0,0.0,1.0,0.0,0.0,0.0,0.0,0.0,-2.5,-3.2,-0.0,-0.4,-126.5,159.8,0.40487804878048783,93.1219512195122,0.0,0.0,1.0,0.0,0.0,0.0,0.0,0.0,-0.3,-0.3,-0.2,-0.2,-92.7,134.2,-0.04094257494387434,-0.07973654097058382,-0.03463794299275517,-0.04464761167455893,-0.21138246438288044,-0.3769839253661227,,,28.490000000000002,27.994375,31.00999999999999,SER,ARG,ILE,PHE,PRO,PRO,PRO,VAL,LYS,ASP,GLY,ARG,GLU,TYR,LEU,PHE,HIS,GLU,SER,ALA,LYS,VAL,ASP,LEU,NONE,NONE,NONE,NONE,NONE,NONE,NONE,NONE,NONE,NONE,NONE,NONE,NONE,NONE,NONE,NONE,5.16,8.81,59.44,37.2,174.2,116.3,1,48.0,0.866227812024,,6.5
48,2og0,2og0_B.pdb,LYS,49,B,VAL,VAL,-0.5952884011397332,-0.8035121153215427,-0.9382748950616923,0.3458904758691258,-0.04624271435429829,-0.9989302334843744,-0.6972702823219179,0.7168083100736995,-0.533848053501714,-0.845580425372082,-0.9021617922293356,0.43139784496628314,0.5069925481601938,-0.861950437154036,1,0.0,0.0,0,-0.9992966963981925,0.037498167524009175,1,-0.9824929905150809,0.18629955337770743,1,0.4617299877999716,-0.8870205287174802,1,0.0,0.0,0,1.9594300985336304,-0.9505829204919718,-0.9589182058250141,1,-2.392095602460757,2.316525936126709,-0.8419983239894885,-0.7871651438437646,1,-1.4779601912974296,4.933065414428711,-0.6403463685062076,-0.7146532428589631,1,-0.23878827894656776,3.5655133724212646,-0.6186594154905454,-0.3152263456436852,1,-0.5343284961155349,1.8424782752990723,-0.8309480145749186,-0.9102005701843677,1,-2.5124294980917306,0.8739018099848221,0.8410602310156524,0.8413760300704636,0,-3,-3,-3,-1,-2,-2,-3,-3,3,1,-2,1,-1,-2,-2,0,-3,-1,4,-1,2,0,-1,-3,1,1,-2,-1,-3,-2,5,-1,-3,-1,0,-1,-3,-2,-2,0,-3,-3,-3,-1,-2,-2,-3,-3,3,1,-2,1,-1,-2,-2,0,-3,-1,4,4.17,8.29,56.2,33.1,176.6,120.4,4,19,0.5100169115568307,2,21,17,11,0.4940786436905497,11,17,5,9,0.4658893784767131,10,4,0.528169014084507,87.14788732394365,0.0,0.0,1.0,0.0,0.0,0.0,0.0,0.0,-2.5,-3.2,-0.0,-0.4,-126.5,159.8,0.40487804878048783,93.1219512195122,0.0,0.0,1.0,0.0,0.0,0.0,0.0,0.0,-0.3,-0.3,-0.2,-0.2,-92.7,134.2,0.352112676056338,58.09859154929577,0.0,0.0,0.0,0.0,0.0,0.0,0.0,1.0,-3.2,-0.5,-0.4,0.0,-122.3,154.4,0.0028071205029370824,-0.01004369780321822,0.017752345317567374,-0.03656831073388547,-0.27804426405882515,-0.020818829457127003,,,27.994375,31.00999999999999,33.595625,ARG,ILE,PHE,PRO,PRO,PRO,VAL,LYS,ASP,GLY,ARG,GLU,TYR,LEU,PHE,HIS,GLU,SER,ALA,VAL,VAL,ASP,LEU,NONE,NONE,NONE,NONE,NONE,NONE,NONE,NONE,NONE,NONE,NONE,NONE,NONE,NONE,NONE,NONE,NONE,4.9,8.52,55.49,33.01,176.7,122.9,1,49.0,0.836467111047,23.5,6.5
49,2og0,2og0_B.pdb,VAL,50,B,LYS,ASP,-0.04624271435429829,-0.9989302334843744,-0.6972702823219179,0.7168083100736995,-0.533848053501714,-0.845580425372082,-0.9021617922293356,0.43139784496628314,-0.2055430815074252,-0.9786480683291783,-0.5605123599828175,0.8281460585588103,-0.9992966963981925,0.037498167524009175,1,-0.9824929905150809,0.18629955337770743,1,0.4617299877999716,-0.8870205287174802,1,0.0,0.0,0,-0.9963729658460864,-0.0850935539924946,1,0.9158533228766094,0.40151300225008046,1,3.5655133724212646,-0.6186594154905454,-0.3152263456436852,1,-0.5343284961155349,0.0,0.0,0.0,0,0.0,1.8424782752990723,-0.8309480145749186,-0.9102005701843677,1,-2.5124294980917306,2.1907243728637695,-0.48115281866867216,-0.5951894266034305,1,-0.9005408659195708,0.0,0.0,0.0,0,0.0,0.8410602310156524,0.8413760300704636,0.7863338425097828,-1,2,0,-1,-3,1,1,-2,-1,-3,-2,5,-1,-3,-1,0,-1,-3,-2,-2,0,-3,-3,-3,-1,-2,-2,-3,-3,3,1,-2,1,-1,-2,-2,0,-3,-1,4,-2,-2,1,6,-3,0,2,-1,-1,-3,-4,-1,-3,-3,-1,0,-1,-4,-3,-3,4.35,8.03,62.2,32.9,176.3,119.2,17,11,0.4940786436905497,11,17,5,9,0.4658893784767131,10,4,0,10,0.2850918620115251,0,10,0.40487804878048783,93.1219512195122,0.0,0.0,1.0,0.0,0.0,0.0,0.0,0.0,-0.3,-0.3,-0.2,-0.2,-92.7,134.2,0.352112676056338,58.09859154929577,0.0,0.0,0.0,0.0,0.0,0.0,0.0,1.0,-3.2,-0.5,-0.4,0.0,-122.3,154.4,0.9079754601226994,169.7914110429448,0.0,0.0,0.0,0.0,0.0,0.0,0.0,1.0,-0.3,-0.0,-0.0,-0.0,-101.9,124.1,0.012101454006410495,0.01047000455711005,0.0038064802287875155,0.0072436564724174925,0.06449968376762039,0.030311002639615402,,,31.00999999999999,33.595625,39.77916666666667,ILE,PHE,PRO,PRO,PRO,VAL,LYS,ASP,GLY,ARG,GLU,TYR,LEU,PHE,HIS,GLU,SER,ALA,VAL,LYS,ASP,LEU,NONE,NONE,NONE,NONE,NONE,NONE,NONE,NONE,NONE,NONE,NONE,NONE,NONE,NONE,NONE,NONE,NONE,NONE,4.27,8.8,61.04,34.4,175.0,125.8,1,50.0,0.772688747263,,6.5
50,2og0,2og0_B.pdb,ASP,51,B,VAL,LEU,-0.533848053501714,-0.845580425372082,-0.9021617922293356,0.43139784496628314,-0.2055430815074252,-0.9786480683291783,-0.5605123599828175,0.8281460585588103,-0.1769599644336362,-0.9842180505292748,0.0,0.0,0.4617299877999716,-0.8870205287174802,1,0.0,0.0,0,-0.9963729658460864,-0.0850935539924946,1,0.9158533228766094,0.40151300225008046,1,0.1895931551888371,-0.9818627376092554,1,0.33416169462211365,0.9425157621213968,1,2.1907243728637695,-0.48115281866867216,-0.5951894266034305,1,-0.9005408659195708,0.0,0.0,0.0,0,0.0,0.0,0.0,0.0,0,0.0,0.0,0.0,0.0,0,0.0,3.8414692878723145,-0.09157290200992423,-0.09787331065966982,1,-0.41169423037836067,0.8413760300704636,0.7863338425097828,0.3007432268010174,0,-3,-3,-3,-1,-2,-2,-3,-3,3,1,-2,1,-1,-2,-2,0,-3,-1,4,-2,-2,1,6,-3,0,2,-1,-1,-3,-4,-1,-3,-3,-1,0,-1,-4,-3,-3,-1,-2,-3,-4,-1,-2,-3,-4,-3,2,4,-2,2,0,-3,-2,-1,-2,-1,1,4.71,8.34,54.2,41.1,176.3,120.4,5,9,0.4658893784767131,10,4,0,10,0.2850918620115251,0,10,0,0,0.0,0,0,0.352112676056338,58.09859154929577,0.0,0.0,0.0,0.0,0.0,0.0,0.0,1.0,-3.2,-0.5,-0.4,0.0,-122.3,154.4,0.9079754601226994,169.7914110429448,0.0,0.0,0.0,0.0,0.0,0.0,0.0,1.0,-0.3,-0.0,-0.0,-0.0,-101.9,124.1,0.823170731707317,157.22560975609755,0.0,0.0,0.0,0.0,0.0,0.0,0.0,1.0,-0.5,-0.0,0.0,-0.0,-100.2,360.0,0.007203284525907841,0.013858671684316107,0.00801950223115604,0.010256702096269095,0.06334391922728173,0.053558230388751314,,,33.595625,39.77916666666667,43.867894736842096,PHE,PRO,PRO,PRO,VAL,LYS,ASP,GLY,ARG,GLU,TYR,LEU,PHE,HIS,GLU,SER,ALA,VAL,LYS,VAL,LEU,NONE,NONE,NONE,NONE,NONE,NONE,NONE,NONE,NONE,NONE,NONE,NONE,NONE,NONE,NONE,NONE,NONE,NONE,NONE,4.63,8.37,53.75,41.91,176.1,123.9,1,51.0,0.611156582647,,6.5
51,2og0,2og0_B.pdb,LEU,52,B,ASP,,-0.2055430815074252,-0.9786480683291783,-0.5605123599828175,0.8281460585588103,-0.1769599644336362,-0.9842180505292748,0.0,0.0,0,0,0,0,-0.9963729658460864,-0.0850935539924946,1,0.9158533228766094,0.40151300225008046,1,0.1895931551888371,-0.9818627376092554,1,0.33416169462211365,0.9425157621213968,1,0,0,0,0,0,0,0.0,0.0,0.0,0,0.0,0.0,0.0,0.0,0,0.0,3.8414692878723145,-0.09157290200992423,-0.09787331065966982,1,-0.41169423037836067,0.0,0.0,0.0,0,0.0,0,0,0,0,0,0.7863338425097828,0.3007432268010174,0,-2,-2,1,6,-3,0,2,-1,-1,-3,-4,-1,-3,-3,-1,0,-1,-4,-3,-3,-1,-2,-3,-4,-1,-2,-3,-4,-3,2,4,-2,2,0,-3,-2,-1,-2,-1,1,0,0,0,0,0,0,0,0,0,0,0,0,0,0,0,0,0,0,0,0,4.32,8.16,55.1,42.4,177.6,121.8,0,10,0.2850918620115251,0,10,0,0,0.0,0,0,0,0,0,0,0,0.9079754601226994,169.7914110429448,0.0,0.0,0.0,0.0,0.0,0.0,0.0,1.0,-0.3,-0.0,-0.0,-0.0,-101.9,124.1,0.823170731707317,157.22560975609755,0.0,0.0,0.0,0.0,0.0,0.0,0.0,1.0,-0.5,-0.0,0.0,-0.0,-100.2,360.0,0,0,0,0,0,0,0,0,0,0,0,0,0,0,0,0,0.003474069348423494,0.00723929568821695,0.0034489451378615227,0.005822901922059944,0.03820506566466405,0.029336090490842907,,,39.77916666666667,43.867894736842096,0,PRO,PRO,PRO,VAL,LYS,ASP,GLY,ARG,GLU,TYR,LEU,PHE,HIS,GLU,SER,ALA,VAL,LYS,VAL,ASP,NONE,NONE,NONE,NONE,NONE,NONE,NONE,NONE,NONE,NONE,NONE,NONE,NONE,NONE,NONE,NONE,NONE,NONE,NONE,NONE,,,,,,,0,,,,6.5
